product_name,price,review_no
Beauty of Joseon Ginseng Cleansing Oil,₹1740,-405
Beauty of Joseon Red Bean Refreshing Pore Mask,₹1790,-603
SKIN1004 Madagascar Centella Tone Brightening Capsule Serum,₹949,-1562
"Celimax The Vita-A Retinal Shot Tightening Booster, For Anti...",₹2199,-529
Beauty of Joseon Revive Eye Serum,₹1490,-1372
Glamveda Korean Rice & Ceramide Glass Skin Peel Off Mask,₹126,-258
Beauty Of Joseon Glow Deep Serum For Pigmentation - Rice + A...,₹1490,-1731
COSRX Advanced Snail 96 Mucin Power Essence,₹1305,-58895
TONYMOLY Korean Pureness 100 Face Sheet Mask,₹100,-88094
Beauty of Joseon Relief Sun Aqua-Fresh Add SPF 50+ PA++++ Ri...,₹1570,-528
"TONYMOLY Korean Wonder Ceramide Mochi Toner-Hydrates, Soften...",₹575,-1239
"TONYMOLY Korean Wonder Ceramide Mochi Toner-Hydrates, Soften...",₹1500,-74778
"Celimax Pore + Dark Spot Brightening Cream, Reduces Spots & ...",₹2209,-57
"The Face Shop Rice & Ceramide Moisturizing Emulsion, Locks S...",₹990,-22107
Beauty of Joseon Relief Sunscreen Rice + Probiotics SPF 50+ ...,₹1570,-11879
The Face Shop Rice Water Bright Foaming Cleanser,₹854,-45699
"TONYMOLY Korean Wonder Ceramide Mochi Emulsion-Hydrates, Nou...",₹1575,-534
"The Face Shop Rice & Ceramide Moisturizing Skincare Set, Com...",₹854,-1310
Glamveda Korean Glass Skin Rice & Ceramide Morning 4 Step Sk...,₹1271,-384
AXIS-Y Dark Spot Correcting Glow Serum,₹1550,-563
Beauty of Joseon Glow Replenishing Rice Milk,₹1570,-61
The Face Shop Glow Starter Kit with Headband and Free Rice W...,₹370,-9022
"Anua Niacinamide 10 Txa 4 Serum, Brightening Korean Serum Fo...",₹1800,-455
COSRX Advanced Snail Mucin 92 All In One Cream with Hyaluron...,₹1485,-15173
Innisfree Perfect 9 Intensive Cream EX - Anti-Aging & Firmin...,₹3230,-838
"Arencia Fresh Green Rice Mochi Cleanser - Korean Cleanser, M...",₹1575,-120
Klairs Freshly Juiced Vitamin Drop - Pure Vitamin C Serum,₹1413,-12896
I'm From Rice Toner,₹1764,-1254
Beauty of Joseon Ginseng Essence Water,₹1570,-4924
Sanfe Instant Hydration Cucumber Facial Mask,₹44,-413
The Face Shop Ceramide & Rice Face Toner - Korean Beauty Ski...,₹899,-6248
"d'Alba piedmont White Truffle First Spray Serum, Vegan, Non ...",₹1710,-132
Innisfree Jeju Cherry Blossom Tone Up Cream - Dewy & Glowy F...,₹1615,-827
Beauty Of Joseon Revive Serum For Skin Elasticy - Ginseng + ...,₹1480,-707
The Face Shop Ceramide & Rice Moisturizer - Korean Day Cream...,₹988,-4566
LANEIGE Lip Glowy Balm,₹750,-155085
"TONYMOLY Korean Wonder Ceramide Mochi Ampoule to Moisturize,...",₹1575,-174
Biodance Bio-Collagen Real Deep Mask,₹380,-479
I'm From Rice Mask,₹441,-130
The Face Shop Real Nature Face Mask,₹100,-175143
TONYMOLY Korean I'm Face Sheet Mask,₹100,-154633
Quench 96% Snail Mucin Collagen Boost Serum,₹500,-1028
The Face Shop Pomegranate & 10% Collagen Korean Beauty Moist...,₹1249,-4275
Innisfree Pore Clearing Clay Mask 2X With Volcanic Clusters,₹990,-32190
"TONYMOLY Korean Intense Care Gold 24K Snail Serum to Firm, B...",₹2610,-50
SKIN1004 Madagascar Centella Serum,₹949,-319
Glamveda Rice & Ceramide Korean Glass Skin Peel Off Mask,₹210,-1693
LANEIGE Lip Sleeping Mask Berry,₹600,-99937
Innisfree Green Tea Seed Cream - Hydrating & Soothing Moistu...,₹1602,-1266
"Numbuzin No.5 Vitamin-Niacinamide Concentrated Pad, Brighten...",₹1890,-111
Innisfree Soothing Energy Sheet Mask Heartleaf - Calms Sensi...,₹130,-24230
Nykaa Green Tea + Aloe Vera Sheet Mask For Hydrated Skin - F...,₹80,-7299638
TONYMOLY Korean Intense Care Gold 24K Snail Cream with Niaci...,₹2610,-44
Pilgrim Korean Rice Water Hydra Glow Light Gel Moisturizer,₹340,-921
Beauty Of Joseon Glow Serum - Propolis + Niacinamide,₹1480,-1515
"Nykaa Skin Real Collagen Mask – Hydrates, Brightens And Give...",₹260,-314
Aestura Regederm 365 Skin Tightening Capsule Serum,₹3100,NA
Aestura Atobarrier365 Cream,₹2200,-158
LANEIGE Glaze Craze Tinted Lip Serum,₹1150,-1263
COSRX The 6 Peptide Skin Booster Serum,₹1845,-879
Outshine Korean Glass Skin Serum - Brightening & Dark Spot C...,₹809,-559
Pilgrim 10% Niacinamide Face Serum For Acne Marks,₹506,-1258
Beauty of Joseon Dynasty Cream,₹2090,-858
"TONYMOLY Korean Wonder Rice Smoothing Toner-Hydrates, Bright...",₹1550,-74778
SKIN1004 Madagascar Centella Hyalu-Cica Water-Fit Sun Serum,₹936,-103
LANEIGE Cream Skin Cerapeptide Toner & Moisturizer,₹900,-25772
Beauty Of Joseon Red Bean Water Gel Face Moisturizer For Oil...,₹1570,-339
"The Face Shop Pomegranate And Collagen Serum, With 10% Colla...",₹941,-1233
Beauty of Joseon Green Plum Refreshing Cleanser,₹1150,-229
Nykaa Skin Secrets Tea Tree & Salicylic Acid Korean Acne Spo...,₹80,-38728
Anua Heartleaf Quercetinol Pore Deep Cleansing Foam with 0.5...,₹1035,-281
Nykaa Pearl + Hyaluronic Acid Sheet Mask For Glowing & Moist...,₹80,-7299638
Quench 92% Snail Mucin Collagen Boost Moisturizer,₹636,-769
LANEIGE Water Bank Blue Hyaluronic Cream Moisturizer,₹2900,-1537
SKIN1004 Madagascar Centella Poremizing Fresh Ampoule,₹854,-133
Sulwhasoo First Care Activating Serum VI,₹1850,-2722
Beauty of Joseon Centella Asiatica Calming Mask - Pack Of 10,₹2000,-13
Anua 3 Ceramide Panthenol Moisture Barrier Cream with Hyalur...,₹1890,-51
Nykaa Gold Sheet Mask For Revitalized & Youthful Skin-Formul...,₹80,-7299638
LANEIGE Bouncy And Firm Sleeping Mask,₹2600,-940
Outshine Korean Glass Skin Serum - Brightening & Dark Spot C...,₹809,-559
Pilgrim 10% Niacinamide Face Serum For Acne Marks,₹506,-1258
Beauty of Joseon Dynasty Cream,₹2090,-858
"TONYMOLY Korean Wonder Rice Smoothing Toner-Hydrates, Bright...",₹1550,-74778
SKIN1004 Madagascar Centella Hyalu-Cica Water-Fit Sun Serum,₹936,-103
LANEIGE Cream Skin Cerapeptide Toner & Moisturizer,₹900,-25772
Beauty Of Joseon Red Bean Water Gel Face Moisturizer For Oil...,₹1570,-339
"The Face Shop Pomegranate And Collagen Serum, With 10% Colla...",₹941,-1233
Beauty of Joseon Green Plum Refreshing Cleanser,₹1150,-229
Nykaa Skin Secrets Tea Tree & Salicylic Acid Korean Acne Spo...,₹80,-38728
Anua Heartleaf Quercetinol Pore Deep Cleansing Foam with 0.5...,₹1035,-281
Nykaa Pearl + Hyaluronic Acid Sheet Mask For Glowing & Moist...,₹80,-7299638
Quench 92% Snail Mucin Collagen Boost Moisturizer,₹636,-769
LANEIGE Water Bank Blue Hyaluronic Cream Moisturizer,₹2900,-1537
SKIN1004 Madagascar Centella Poremizing Fresh Ampoule,₹854,-133
Sulwhasoo First Care Activating Serum VI,₹1850,-2722
Beauty of Joseon Centella Asiatica Calming Mask - Pack Of 10,₹2000,-13
Anua 3 Ceramide Panthenol Moisture Barrier Cream with Hyalur...,₹1890,-51
Nykaa Gold Sheet Mask For Revitalized & Youthful Skin-Formul...,₹80,-7299638
LANEIGE Bouncy And Firm Sleeping Mask,₹2600,-940
Innisfree Vitamin C Green Tea Brightening Serum,₹2385,-676
The Face Shop White Seed Serum With Niacinamide & Hyaluronic...,₹1221,-3023
Anua Heartleaf 77% Soothing Toner,₹1845,-47
Quench 92% Snail Mucin Collagen Boost Moisturizer,₹636,-769
Klairs Midnight Blue Calming Cream,₹1890,-2676
Aestura Atobarrier365 Hydro Soothing Cream,₹2000,-33
Pilgrim 5 Ceramides Barrier Repair Moisturizer,₹324,-701
Torriden Dive In Soothing Cream - Korean Hyaluronic Acid Gel...,₹1710,-22
LANEIGE Water Bank Blue Hyaluronic Serum,₹3250,-375
COSRX Advanced Snail Radiance Dual Essence,₹2295,-1033
The Face Shop White Seed Brightening Lotion - Korean Moistur...,₹701,-1629
Nykaa Naturals Korean Sheet Mask With Turmeric & Vitamin C F...,₹80,-291
TONYMOLY Korean Wonder Tea Tree Pore Fresh Toner to Soothe &...,₹1500,-74778
TONYMOLY Korean Aloe Chok Chok Soothing Gel 93% to Calm & Hy...,₹460,-2436
Quench 2% Niacinamide Ultra Light Gel Moisturizer,₹545,-3141
Nykaa Rice Water + White Tea Sheet Mask For Toned & Firm Ski...,₹80,-7299638
LANEIGE Cream Skin Cerapeptide Toner & Moisturizer Refill,₹1600,-542
"Celimax The Real Noni Energy Ampoule, Calming, Hydrating & G...",₹2039,-29
belif Moisturizing Bomb Cream-Vegan Korean Face Cream with C...,₹3353,-998
"Celimax The Vita-A Retinol Shot Tightening Serum, For Anti-A...",₹2399,-26
Sulwhasoo Concentrated Ginseng Rejuvenating Cream,₹3800,-192
COSRX Hyaluronic Acid Intensive Cream,₹1485,-632
Nykaa Black Mud + Aloe Vera Sheet Mask For Purified Skin-For...,₹80,-7299638
belif Aqua Bomb Gel Moisturizer-Vegan Korean Hydrating Face ...,₹3353,-1346
Nykaa Rose+Goat Milk Sheet Mask For Nourished & Radiant Skin...,₹80,-7299638
"Numbuzin No.3 Skin Softening Serum, Pore Tightening Serum, B...",₹2025,-32
Innisfree Aloe Vera Revital Soothing Gel - Cooling & Refresh...,₹570,-4748
LANEIGE Cica Sleeping Mask,₹2300,-19
LANEIGE Berry Bliss Lip Duo Mini,₹1350,-151780
LANEIGE Water Bank Blue Hyaluronic Cream Moisturizer - Mini,₹1680,-1537
COSRX Low pH Good Morning Gel Cleanser,₹765,-5832
Klairs Rich Moist Soothing Cream,₹1665,-1339
Nykaa Strawberry + Argan Oil Sheet Mask For Acne Prone Skin ...,₹80,-7299638
ETUDE SoonJung 10 Free Moist Emulsion,₹1080,-1744
"d'Alba piedmont Double Serum All In One Multi Balm, Vegan, V...",₹1890,NA
"Innisfree Retinol Cica Repair Ampoule With Hyaluronic Acid, ...",₹2565,-1636
"Biodance Collagen Gel Toner Pad, Korean Toner Pads Tightens ...",₹2090,-32
LANEIGE Water Bank Blue Hyaluronic Cream Moisturizer Refill,₹2400,-18
Nykaa Rice + Camellia Sheet Mask For Nourished & Radiant Ski...,₹80,-7299638
Renee Cosmetics Korean Glow Serum,₹499,-334
ETUDE SoonJung Hydro Barrier Cream,₹1360,-129
SKIN1004 Madagascar Centella Ampoule Foam,₹1283,-82
Personal Touch Sunstalker Korea Aqua Gel Sunscreen SPF 50 PA...,₹629,-193
Nykaa Collagen+Grapefruit Sheet Mask For Firm & Youthful Ski...,₹80,-7299638
TONYMOLY Korean Fresh To Go Face Sheet Mask,₹100,-22104
COSRX Ultra-Light Invisible Sunscreen SPF50 PA++++,₹1215,-290
Innisfree Perfect 9 Intensive Lotion - Anti-Aging & Firm Ski...,₹2375,-379
"Anua Heartleaf Pore Control Cleansing Oil Removes Makeup, Ex...",₹1485,-167
LANEIGE Lip Sleeping Mask Ex Gummybear,₹600,-1585
Nykaa Saffron+Honey Sheet Mask For Glowing & Moisturised Ski...,₹80,-7299638
Nykaa Snail Sheet Mask For Firm & Nourished Skin-Formulated ...,₹80,-7299638
ETUDE Soonjung 10-Panthensoside Cica Balm,₹1320,-49
Beauty Of Joseon Matte Sunscreen Stick Mugwort + Camelia SPF...,₹1570,-922
Sulwhasoo Concentrated Ginseng Renewing Serum,₹5000,-64
Dr.Jart+ Ceramidin Skin Barrier Moisturizing Cream,₹4400,-6
COSRX Aloe Soothing Sun Cream SPF 50+ PA+++,₹945,-2865
SKIN1004 Madagascar Centella Light Cleansing Oil,₹664,-459
It's Skin Collagen Nutrition Emulsion,₹990,-382
TONYMOLY Korean Wonder Hyaluronic Acid Chok Chok Toner to Hy...,₹1500,-74778
LANEIGE Water Bank Blue Hyaluronic Cleansing Foam,₹1810,-487
Bioheal Boh Probioderm 3D Lifting Cream - Advanced Peptide A...,₹2331,-3
TIRTIR Milk Skin Light Toner,₹1050,-170
Cosrx Master Patch Original Fit - Pack Of 24,₹252,-760
"Celimax Derma Nature Glutathione Tone-Up Cream, Brightens Sk...",₹1444,-61
Dr.Jart+ Vital Hydra Solution Hydro Plump Water Cream,₹3400,-43
COSRX Salicylic Acid Daily Gentle Cleanser,₹765,-3584
Numbuzin No.5 Goodbye Blemish Serum,₹2025,-11
Beauty Of Joseon Calming Serum - Green Tea + Panthenol,₹1480,-186
"Anua Peach 77 Niacin Enriched Cream with Collagen, Niacinami...",₹2250,-3
"Innisfree Green Tea Ceramide Milky Toner, Instant Hydration ...",₹855,-51
I'm From Mugwort Essence,₹756,-45
Arencia Holy Hyssop Serum 30 - Brightening Serum for Korean ...,₹2070,-23
The Face Shop Alltimate Vegan Mucin 8 Peptide Cream - Anti A...,₹1620,-36
Nykaa Naturals Korean Sheet Mask With Watermelon & Hyaluroni...,₹80,-7299638
Innisfree Green Tea Ceramide Cream Korean Hydrating Moisturi...,₹1615,-6
Beauty of Joseon Hanbang Serum Discovery Kit,₹2350,-28
Beauty Of Joseon Ginseng Moist Sunscreen Serum,₹1830,-172
Innisfree Green Tea Amino Acid Foam Cleanser,₹720,-9649
Nykaa Naturals Korean Sheet Mask Green Tea & Niacinamide For...,₹80,-207
Anua Heartleaf 70 Daily Lotion Lightweight Moisturizer with ...,₹1890,-8
Sulwhasoo Overnight Vitalizing Mask,₹3600,-227
Aestura Atobarrier365 Lotion,₹1600,-26
Pilgrim White Lotus Face Mist & Toner With Camellia & Witch ...,₹216,-6171
COSRX Ultimate Nourishing Rice Overnight Spa Mask,₹1251,-1647
SKIN1004 Madagascar Centella Tea-Trica Relief Ampoule,₹854,-31
LANEIGE Water Bank Blue Hyaluronic Gel Moisturizer - Mini,₹1680,-1134
WILDGLOW Korean Glass Skin Bio-Collagen Overnight Face Mask ...,₹499,-272
Quench Intense Brightening Korean Face Toner,₹636,-315
Nykaa Green Tea + Aloe Vera Sheet Mask For Hydrated Skin - F...,₹80,-7299638
Numour Collagen Bombshell Jelly With Red Led Sonic Booster,₹1619,-3
"Sanfe Instant Glow Rose Facial Mask, 100% Fruit Extracts, Ko...",₹44,-527
LANEIGE Water Bank Blue Hyaluronic Intensive Moisturizer - M...,₹1680,-84
LANEIGE Lip Sleeping Mask Sweet Candy Ex,₹600,-1439
Nykaa Acai Berry + Pomegranate Sheet Mask For Youthful Skin ...,₹80,-7299638
COSRX Galactomyces 95 Tone Balancing Essence,₹1431,-740
Anua 7 Rice Ceramide Hydrating Barrier Serum with Ceramide &...,₹1800,-32
LANEIGE Hydration To Go Set,₹1850,-27
TONYMOLY Korean Wonder Ceramide Mochi Water Cream-Gel Moistu...,₹1500,-15
COSRX OIL-FREE Ultra Moisturizing Lotion (with Birch Sap),₹1485,-1070
Sulwhasoo Essential Firming Cream,₹6250,NA
O3+ Dermal Brightening & Whitening Zone White Day Cream SPF ...,₹888,-610
Beauty Of Joseon Apricot Blossom Peeling Gel Mask,₹1150,-93
It's Skin Collagen Nutrition Cream,₹990,-551
Innisfree Perfect 9 Intensive Face Serum EX - Firming & Yout...,₹3990,-181
Pilgrim Glow Range 2% Kojic Acid Face Serum,₹480,-418
LANEIGE Lip Care Set 2.0 Berry Mini Lip Mask + Vanilla Lip G...,₹999,-61
Nykaa Sandalwood+Orange Peel Sheet Mask For Glowing Skin-For...,₹80,-7299638
TONYMOLY Korean Master Lab Face Sheet Mask,₹200,-7628
Aestura Theracne365 Active Serum,₹2500,-7
Pyunkang Yul Calming Moisture Barrier Cream,₹1400,-21
"Round Lab Birch Juice Moisturizing Cream, Deep Hydration wit...",₹2634,-4
I'm From Rice Serum - Korean Face Serum with Fermented Rice ...,₹1764,-18
Nykaa Cucumber+Aloe Vera Sheet Mask For Toned & Hydrated Ski...,₹80,-7299638
Anua Peach 77 Niacin Conditioning Milk with Ceramide & Hyalu...,₹1845,-5
Innisfree Jeju Orchid Enriched Cream,₹2280,-528
Klairs Midnight Blue Youth Activating Drop,₹1845,-386
Nykaa Amla + Papaya Sheet Mask For Glowing & Nourished Skin-...,₹80,-7299638
ETUDE Soonjung 2X Barrier Intensive Cream,₹1530,-3
Innisfree Jeju Cherry Blossom Jelly Cream - Brightening & De...,₹1615,-1014
O3+ Snail Bright Mucin Gel Cream Moisturiser For Korean Glas...,₹772,-91
Innisfree Green Tea Hyaluronic Lotion - Lightweight & Refres...,₹1250,-415
The Face Shop Alltimate Vegan Mucin Peptide 8 Serum - No Sna...,₹1351,-28
"Sanfe Vitamin C Face Sheet Mask, Korean Skincare For Instant...",₹44,-139
LANEIGE Donut Delight Lip Serum Duo Set,₹1999,-32
Anua Peach 70 Niacin Serum with 5% Niacinamide for Glass Ski...,₹1755,-18
Arencia Fresh Rosehip Rice Mochi Cleanser - All-In-One Clean...,₹1575,-19
Klairs Rich Moist Soothing Serum,₹1413,-674
Nykaa Naturals Korean Sheet Mask With Cica & Ceramide For Ba...,₹80,-197
Beauty of Joseon Ground Rice And Honey Glow Mask,₹1570,-63
Dr.Jart+ Cicapair Tiger Grass Color Correcting Treatment Wit...,₹1950,-32
Klairs Supple Preparation Facial Toner,₹1287,-8994
TONYMOLY Korean Watermelon Soothing Gel Cream to Hydrate & R...,₹820,-153
Biodance Bio-Collagen Real Deep Masks - Pack of 3,₹1083,-959
Dr.Jart+ Cryo Rubber With Firming Collagen – Sheet Mask For ...,₹1300,-2
Its Skin Collagen Firming Serum,₹990,-264
Numbuzin No.1 Pantothenic B5 Active Soothing Cream,₹2025,-23
Innisfree Dewy Tint Lip Balm Baby Pink - Hydrating & Glossy ...,₹1045,-1325
The Face Shop Alltimate Multi Vita 10% Serum - Vitamin C Bri...,₹1421,-10
TIRTIR Ceramic Milk Ampoule,₹2050,-41
Innisfree Bija Trouble Care Lotion With Salicylic Acid For O...,₹1150,-428
Quench Cica & Salicylic Acid Acne Pimple Patches,₹263,-808
AXIS-Y Spot the Difference Blemish Treatment,₹1260,-15
Klairs Maple Energy Infusing Cream,₹1890,-8
"Mixsoon Bean Cream, Deep Hydration, Brightens Dull Skin & No...",₹2849,-2
Torriden Cellmazing Firming Cream,₹2160,-1
Arencia Red Smoothie Serum 30 - Anti-Aging Korean Serum with...,₹2070,-25
Nykaa Charcoal Bubble Sheet Mask – Detoxifies & Glowing Skin...,₹159,-2936
Dr.Jart+ Prejuvenation Firming Bakuchiol Cream – Face Moistu...,₹5250,-4
Nykaa Honey + Lavender Sheet Mask For Calm & Glowing Skin - ...,₹80,-7299638
TONYMOLY Korean Inkey Library Niacinamide Ampoule to Brighte...,₹653,-854
Quench Dark Spot Correcting Korean Serum with Cica,₹594,-278
LANEIGE Radian-C Sun Cream SPF 50+ PA++++,₹2000,-444
Sulwhasoo Ginseng Peptide Ritual,₹1850,-1427
Nykaa Avocado+Moringa Sheet Mask For Nourished Skin-Formulat...,₹80,-7299638
The Face Shop Tea Tree Pore Cream - Korean Moisturizer with ...,₹2379,-46
Aestura Regederm 365 Intensive Lifting Capsule Cream,₹3000,NA
Quench Sheet Mask,₹92,-287
LANEIGE Bouncy And Firm Lip Treatment,₹1900,-56
manyo Bifida Biome Complex Ampoule,₹675,-55
COSRX Day & Night Cream Combo,₹2584,-33643
COSRX The Alpha-Arbutin Discoloration Care Hydrogel Mask,₹1125,-2
VT Cosmetics Reedle Shot 100,₹2699,-98
The Face Shop Alltimate Niacinamide 10% Korean Serum - Reduc...,₹1143,-7
O3+ Mijoo Korea Rice Water Bright Foaming Cleanser,₹464,-106
Numbuzin No.6 Deep Sleep Mask Serum,₹2025,-11
Anua Heartleaf 70 Intense Calming Cream with Ceramide & Pant...,₹2385,-4
Dr.Jart+ Prejuvenation Firming Bakuchiol Serum For Preventat...,₹4900,-1
Innisfree Black Tea Youth Enhancing Treatment Essence For An...,₹1650,-68
Dr.Jart+ Ceramidin Skin Barrier Serum Toner,₹4350,-1
Quench 92% Snail Mucin Collagen Boost Moisturizer,₹227,-769
Vaseline Lip Care Lip Balm Stick,₹172,-59
AXIS-Y Heartleaf My Type Calming Cream,₹1550,-13
"The Face Shop Rice Water Serum with Niacinamide & HA, Bright...",₹1619,-11
AXIS-Y Artichoke Intensive Skin Barrier Ampoule,₹1530,-15
Sulwhasoo Clarifying Mask,₹2950,-136
AXIS-Y Calamine Pore Contol Capsule Serum,₹1500,-11
SKIN1004 Madagascar Centella Toning Toner,₹684,-32
TONYMOLY Korean Inkey Library Hyaluronic Acid Ampoule to Hyd...,₹850,-1390
Anua Peach 77 Niacin Essence Toner with 2% Niacinamide for H...,₹1710,-9
TIRTIR SOS Serum,₹2700,-3
Dr.Jart+ Cicapair Intensive Soothing Repair Serum With Pepti...,₹3800,-5
ONE THING Cica B5 Cream,₹1485,-1
Dr.Jart+ Ceramidin Skin Barrier Milky Lotion (Dermatologist-...,₹2600,-18
Numbuzin No.1 Pantothenic B5 Active Soothing Serum,₹2025,-8
Aestura Theracne365 Soothing Active Moisturizer,₹2200,-3
It's Skin Hyaluronic Acid Moisture Cream,₹990,-661
It's Skin Hyaluronic Acid Moisture Emulsion,₹990,-258
Innisfree Collagen Booster Green Tea Cream - Firming & Hydra...,₹2700,-23
"TONYMOLY Korean Tomatox Magic Massage Pack to Detoxify, Brig...",₹1200,-665
Glamveda 2% Kojic Acid Face Serum,₹295,-29
"Celimax Dual Barrier Skin Wearable Cream, Hydrates, Calms & ...",₹1903,-8
Cosrx Master Patch Clear Fit - Pack Of 18,₹252,-193
It's Skin Hyaluronic Acid Moisture Serum,₹990,-369
Pilgrim White Lotus & Retinol Day & Night Repair Combo - Red...,₹1280,-24097
"Biodance Skin Glow Essence Cream, Barrier Strengthening Kore...",₹3325,-2
Asaya Vitamin C Serum Fights Dark Spots And Pigmentation Lea...,₹799,-98
"Innisfree Volcanic Pore Clay Mask - Cool Mint Choco, Clogged...",₹880,-34
VT Cosmetics Reedle Shot 700,₹4589,-1
The Face Shop Rice Water Bright Double Cleansing Kit With Fa...,₹854,-277
Skin1004 Madagascar Centella Poremizing Light Gel Cream,₹1425,-13
"Lacto Calamine Dewy Rice Moisturizer for Face, Rice Water & ...",₹318,-4
Biodance Bio-Collagen Real + Hydro Cera-Nol Real Combo,₹722,-1154
TONYMOLY Korean Intense Care Gold 24K Snail Emulsion to Nour...,₹2000,-18
TONYMOLY Korean The Chok Chok Green Tea Watery Cream,₹2600,-350
Dr.Jart+ Cryo Rubber Sheet Mask With Soothing Allantoin & Ni...,₹1300,-12
LANEIGE Lip Sleeping Mask Vanilla,₹1420,-472
Missha Vita C Plus Spot Correcting & Firming Ampoule,₹2392,-7
Isntree C Niacin Toning Ampoule,₹1395,-8
PROTOUCH Skin Lift Recovery Serum with Retinol and Korean Ko...,₹713,-56
AXIS-Y LHA Peel & Fill Pore Balancing Cream,₹1350,-7
The Face Shop Collagen & Pomegranate Korean Toner with Hyalu...,₹1764,-145
Sanfe Instant Detan Charcoal Facial Mask,₹44,-82
Anua Ultra-Thin Spot Cover Patch Invisible Hydrocolloid Acne...,₹1170,-7
LANEIGE Love Glow Combo,₹1540,-57905
LANEIGE Hydro UV Defense Sunscreen Ex Broad Spectrum SPF 50+,₹950,-28
Murad Clarifying Water Gel,₹4785,-10
"Celimax The Real Noni Energy Repair Cream, Calms, Hydrates, ...",₹1903,-7
The Face Shop Alltimate Panthenol 1% Korean Serum - Hydratin...,₹1207,-1
ETUDE 0.2 Air Mask Collagen Sheet Mask,₹75,-736
Torriden Dive In Cream,₹1485,-3
COSRX Advanced Snail Peptide Eye Cream,₹1845,-687
Skinfood Royal Honey Propolis Enrich Essence,₹2367,-2
It's Skin Peptide Collagen Serum,₹1575,-1
Innisfree Jeju Orchid Enriched Essence,₹2600,-66
Wild Oak Korean Snail 96 Peptide Face Serum,₹397,-6
Brightening and Hydrating Korean Skincare Combo,₹4250,-165546
It's Skin Power 10 Formula LI Effector,₹1071,-183
Round Lab 1025 Dokdo Toner,₹1274,-14
LANEIGE Berry Sweet Lip Trio Set,₹1999,-13
Arencia Hyssop Fume Balm,₹1305,-4
Numbuzin No.2 Cica Ceramide Repair Cream,₹2025,-4
COSRX Full Fit Propolis Synergy Toner,₹1125,-1200
Sanfe Instant Oil Control Papaya Facial Mask,₹44,-302
"Celimax The Real Noni Hydra Firming Lotion, Calms, Hydrates ...",₹1903,-10
Dr.Jart+ Pore Remedy Pha Exfoliating Serum – Gentle Smoothin...,₹2500,-1
"Innisfree Hyaluron Moist Sunscreen SPF 50+ PA++++, No White ...",₹1568,-950
TONYMOLY Korean The Chok Chok Green Tea Watery Lotion to Hyd...,₹1230,-33
manyo Galac Niacin 2.0 Essence,₹2115,-10
TONYMOLY Korean The Chok Chok Green Tea Watery Essence-Highl...,₹1425,-177
VT Cosmetics PDRN 100 Essence,₹3599,-9
TONYMOLY Korean Derma Lab Hyaluron 10X Ampoule with Hyaluron...,₹1425,NA
"Round Lab 1025 Dokdo Cream, Soothing and Moisturizing Facial...",₹2634,NA
Beyond Rice Korean 2% Alpha Arbutin & Ferulic Acid Rice Wate...,₹580,-22
"BRING GREEN Tea Tree Cica Soothing Cream Plus, Hydrating Kor...",₹1260,NA
LANEIGE Icons To Go Set,₹2450,-38
Pyunkang Yul Moisture Ampoule,₹2150,-1
COSRX Advanced Snail Mucin Glass Glow Hydrogel Mask,₹1125,NA
AMPLE:N Ceramide Shot Ampoule,₹1080,NA
Pilgrim Glow Range 2% Kojic Acid Face Serum - Pack Of 2,₹792,-836
VT Cosmetics Collagen Reedle Shot 100 2-Step Hydrogel Mask,₹449,-34
Quench 7% PHA & Cica Pore Control Serum,₹636,-58
TONYMOLY Korean Derma Lab Hyaluron 10X Cream with Hyaluronic...,₹1425,-3
The Face Shop Alltimate Panthenol 2.5% Cream with Ceramide -...,₹1317,-3
Isntree Mugwort Calming Ampoule,₹2115,-1
Innisfree Retinol Cica Barrier Cream - Strengthens & Soothes...,₹2350,-7
Kaine Chaga Collagen Charging Serum with 70% Mushroom Extrac...,₹1485,NA
TONYMOLY Propolis Tower Barrier Build Up Serum,₹2400,-7
LANEIGE Berry Bliss Lip Duo,₹2170,-72081
ONE THING Green Tea Serum,₹1395,-6
Lacto Calamine Rice Toner -Korean Skincare for Glass Skin wi...,₹199,-31
Numbuzin No.3 Velvet Beauty Cream,₹2025,-3
"The Face Shop Jeju Volcanic Lava Fresh Nose Strips, Nose Pat...",₹380,-498
Innisfree Super Volcanic Pore Clay Mask - Cleanses Pores & C...,₹770,-6
SIXAM Glow Daily Call Sun Serum SPF 50 PA++++ Korean Invisib...,₹999,-4
Numbuzin No.7 Mild Green Soothing Serum,₹2025,-1
"PROTOUCH Power Glow Face Serum - Non Sticky, Deep Hydrating ...",₹713,-65
LANEIGE Waterbank UV Barrier Sunscreen,₹1800,-12
Pyunkang Yul Black Tea Boosting Serum,₹3500,-2
Torriden Dive In Toner - Moisturizing Korean Toner with Hyal...,₹1485,-9
WILDGLOW 10% Niacinamide Face Serum for Pore Minimizing & Ev...,₹499,-10
VT Cosmetics Vita Reedle Shot 100 2-Step Hydrogel Mask,₹449,-78
Matra Korean Glass Skin Serum With Salicylic Acid & Lactic A...,₹521,NA
It's Skin Power 10 Formula GF Effector,₹1071,-37
AXIS-Y Biome Radiating Intensified Essence,₹2160,NA
It's Skin Power 10 Formula PO Effector,₹1071,-46
It's Skin Power 10 Formula Propolis,₹1071,-26
WILDGLOW 2% Salicylic Acid Anti-Acne Face Serum for Oil-Cont...,₹499,-13
It's Skin Power 10 Formula CO Effector,₹1071,-38
The Face Shop Alltimate Hyaluronic Squalane 1% Cream - Korea...,₹1223,-3
"Innisfree Volcanic Swirl Pore Dual Clay Mask,Daily Pore Care...",₹1040,-21
TONYMOLY Pure Dew Tea Tree Yuja C Purifying Essence,₹1230,NA
ONE THING Hyaluronic Squalane Cream,₹1485,NA
It's Skin Power 10 Formula VE Effector,₹1071,-45
Missha Bee Pollen Renew Ampouler,₹2241,-1
ETUDE 0.2 Air Mask Hyaluronic Acid Sheet Mask,₹75,-383
AMPLE:N Centel Calming Shot Ampoule,₹1080,NA
"Round Lab Birch Juice Moisturizing UV Lock, Lightweight Hydr...",₹2039,-6
Zobha Illuminat Korean Glass Finish Face Serum With Blue Lot...,₹744,-1
LANEIGE Dream Skin Trio Set,₹2450,-7
"Round Lab 1025 Dokdo Light Cream, Lightweight Soothing Moist...",₹2634,NA
"Personal Touch SkinDam Korean Moisturizer With Ceramide 3, O...",₹1439,-24
"Kaine Vegan Collagen Youth Cream, Firming Korean Collagen Cr...",₹1755,NA
Numour Collagen Bombshell Moisturiser,₹850,-1
Dr.Jart+ Cicapair Sleepair Intensive Soothing Repair Mask – ...,₹3550,-11
"Kaine Green Calm Aqua Cream, Soothing Korean Gel Cream Stren...",₹1575,-1
Klairs Midnight Blue Calming Sheet Mask,₹180,-1075
Thank You Farmer Rice Korean Niacinamide Toner- Brightening ...,₹1874,-332
Innisfree Bija Cica Balm Ex With Centella For Sensitive Skin...,₹1700,-92
TONYMOLY Korean Propolis Tower Barrier Build Up Cream with H...,₹2250,-2
LANEIGE Vanilla Candy Lip Duo,₹1500,-76585
The Face Shop Smart Peeling White Jewel Perle - Brightening ...,₹941,-639
manyo Bifida Biome Aqua Barrier Cream,₹1845,-3
Mixsoon Korean Centella Stick Balm,₹2849,NA
AXIS-Y Cera-Heart My Type Duo Cream,₹1845,-1
Dr. Ceuracle Vegan Kombucha Tea Gel Cream,₹2290,NA
Skinfood Acorn Pore Peptide Cream,₹2200,NA
"Mixsoon Soybean Milk Pad, Brightens & Deeply Hydrates Dry, D...",₹164,-23
iUNIK Acne Spot Cream,₹1450,-4
Skinfood Royal Honey Propolis Enrich Barrier Cream,₹2367,NA
Vitamin E & Avocado Ultra Light SPF 50+ PA++++ Sunscreen for...,₹591,-2322
Innisfree Hyaluronic Acid Active Mask - Deep Hydration for D...,₹180,-1049
Thank You Farmer Rice Pure Aqua Multi Balm,₹2174,-1
Pilgrim 24K Gold Gel Face Wash,₹344,-453
AXIS-Y Biome Ultimate Indulging Cream,₹2205,NA
manyo Blackhead & Pore Cream,₹1125,-3
"Mixsoon Bifida Cream, Strengthens Skin Barrier, Deeply Nouri...",₹2249,NA
Glamveda 3% Kojic Acid Spot Corrector Gel Reduces Acne Scars...,₹295,-6
TONYMOLY Pure Dew Tea Tree Yuja C Purifying Cream,₹1305,-2
Missha Vita C Plus Eraser Toning Cream,₹2392,-2
It's Skin V7 Hyaluronic Moisturizer,₹1575,-2
Innisfree Bija Trouble Care Foam Cleanser With Salicylic Aci...,₹675,-1175
belif Super Knights Korean Regenerating Sleeping Mask-Vegan ...,₹2628,-11
SKIN1004 Madagascar Centella Watergel Sheet Ampoule Mask,₹256,-15
APLB Retinol Vitamin C Vitamin E Facial Cream,₹690,NA
Sulwhasoo White Ginseng Radiance Refining Mask,₹4950,-32
Dr.Jart+ Cicapair So Soothing Treatment – Gel Cream With Cen...,₹3000,-1
VT Cosmetics Cica Daily Soothing Mask,₹1799,-13
AMPLE:N Ceramide Shot Cream,₹1170,NA
It's Skin Blue Snail Moisturizer,₹1751,-2
WOW Skin Science Korean Bamboo Gel,₹343,-19
AMPLE:N Hyaluron Shot Hydration Cream,₹1305,NA
Skinfood Aloe Vera 93% Soothing Gel,₹495,-2
Skinfood Carrot Carotene Moist Effector,₹2061,NA
Apieu Mulberry Blemish Clearing Cream,₹1791,-1
Innisfree Ceramide Active Mask - Strengthens Skin Barrier & ...,₹180,-220
Sanfe Instant Depigmentation Lemon Facial Mask,₹44,-288
"d'Alba piedmont White Truffle Vital Spray Serum,Vegan, Hydra...",₹1710,-4
"d'Alba piedmont Waterfull Tone-Up Sunscreen, Vegan, Tinted M...",₹1800,-4
Sulwhasoo Gentle Cleansing Foam,₹2500,-175
Dr.Jart+ Cryo Rubber Brightening Face Mask – Vitamin C Sheet...,₹1300,-4
AXIS-Y New Skin Resolution Gel Mask,₹1750,-9
Skin1004 Madagascar Centella Poremizing Clear Toner,₹1519,-15
Pilgrim 5% Niacinamide Hydra Glow Gel Sunscreen SPF 50+ PA++...,₹431,-402
Nykaa Charcoal + Bamboo Sheet Mask For Purifying Skin - Form...,₹80,-7299638
"Nykaa Skin Hydrogel Under-Eye Patches for Dark Circles, De-p...",₹127,-112
"One Thing Niacinamide 10% Toner Brightens, Improves Skin Tex...",₹945,-817
Dr.Jart+ Cryo Rubber Moisture Mask,₹1300,-1
Indulgeo Essentials Melting Collagen Film Face Patches,₹1440,-249
Beauty Of Joseon Glass Skin Duo,₹3580,-5178
VT Cosmetics PDRN Hydrogel Mask,₹449,-34
"Round Lab 1025 Dokdo Foam Cleanser, Gentle Facial Cleanser f...",₹1104,-6
Quench Korean Bubble Sheet Mask with Matcha Green Tea,₹131,-980
"The Face Shop Korean Hydro Gel Sheet Mask - Vitamins, Vegan ...",₹399,-2
belif Super Knights Korean Multi Vitamin Sleeping Mask- Hydr...,₹2628,-9
"The Face Shop Jeju Aloe Fresh Soothing Foam Cleanser, Gel To...",₹475,-1425
Dr.Jart+ Dermask Vital Hydra Solution Pro Face Sheet Mask Wi...,₹550,-22
"Biodance Cera-nol Gel Toner Pad, Hydrating & Soothing Korean...",₹1995,-7
Pilgrim Korean Rice Water Hydra Glow Gel Face Wash,₹223,-26
Laneige Smoothie Makeup Serum (Primer),₹1660,-1
COSRX Advanced Snail Mucin Gel Cleanser,₹1305,-651
ETUDE Soonjung pH 5.5 Relief Toner,₹1320,-170
TONYMOLY Korean Kiss Kiss Lovely Lip Patch with Collagen to ...,₹225,-4204
SKIN1004 Madagascar Centella Poremizing Quick Clay Stick Mas...,₹1614,-42
Sulwhasoo Concentrated Ginseng Rejuvenating Cleansing Foam,₹4200,-2
Numbuzin No.3 Super Glowing Essence Toner,₹1620,-94
Numbuzin No.1 Pure-Full Calming Herb Toner,₹1755,-46
The Face Shop Herb Day 365 Face Wash,₹347,-2652
"Indulgeo Essentials Melting Collagen Sheet Mask, Set of 4",₹1440,-249
"Biodance Hydro Cera-nol Real Deep Mask, Korean Hydrogel Mask...",₹1520,-3
Pilgrim Korean Rice Water Hydra Glow Light Gel Moisturizer P...,₹632,-732
ETUDE 0.2 Air Mask Tea Tree - Refreshing & Soothing,₹75,-274
"Anua Retinol 0.3 Niacin Renewing Serum, Anti-Aging Serum wit...",₹2655,-8
"Celimax Pore + Dark Spot Care Sunscreen SPF 50+ PA++++,Corre...",₹2209,-10
Torriden Dive In Mask - Hydrating Korean Sheet Mask with Hya...,₹225,-9
ETUDE 0.2 Air Mask Pearl Sheet Mask,₹75,-676
Aestura Theracne365 Clear Deep Cleansing Foam,₹699,-34
Quench Rice Water Gentle Exfoliation Cream Face Wash,₹227,-893
I'm From Rice Whip Facial Cleanser,₹1215,-16
ETUDE 0.2 Air Mask Green Tea - Moisturizing & Soothing,₹75,-237
Beauty Of Joseon Bestseller Duo,₹3050,-11516
Innisfree Idebenone Active Mask - Skin Firming Care,₹180,-210
Mirabelle Facial Sheet Mask,₹99,-6020
The Face Shop White Seed Brightening Korean Toner with Niaci...,₹1990,-883
Arencia Fresh Blue Hyssop Rice Mochi Cleanser - Gentle Exfol...,₹1575,-17
"Anua Heartleaf Succinic Moisture Cleansing Foam, Non-Strippi...",₹1035,-6
ETUDE 0.2mm Air Mask Aloe Soothing Moisture,₹75,-161
Innisfree Madecassoside Active Mask - Calming & Barrier Repa...,₹180,-227
Innisfree Jeju Volcanic Pore Toner 2X - Reduces Blackheads &...,₹1440,-656
LANEIGE Bouncy & Firm Mini Skin Treats Set,₹2050,-1
VT Cosmetics Reti-A Reedle Shot 100 2-Step Hydrogel Mask,₹449,-17
"The Face Shop Korean Hydro Gel Sheet Mask - Vegan Collagen, ...",₹399,-2
Laneige Water Bank Aqua Facial Serum,₹2500,NA
Klairs Freshly Juiced Vitamin Drop- Pure Vitamin C Serum & I...,₹1811,-26777
I'm From Rice Sheet Mask,₹225,-2
Biodance Hydro Cera-Nol Real Deep Masks - Pack of 3,₹1083,-196
The Face Shop Jeju Volcanic Lava Anti Dust Pore Cleansing Fo...,₹1054,-1057
Innisfree Intensive Long Lasting Sunscreen SPF 50+ PA++++ - ...,₹1260,-535
Skinfood Rice Daily Brightening Mask Wash Off,₹1341,-57
Pilgrim All Day Glow Duo Korean Hydra Glow Moisturizer + 10%...,₹468,-703
Innisfree UV Active Poreless Sunscreen SPF 50+ - Smooth Even...,₹1568,-300
Dr.Jart+ Dermask Pore Remedy Purifying Mud Mask – Sheet Mask...,₹600,-3
Dr.Jart+ Vital Hydra Solution Hydrating Lip Mask With Hyalur...,₹1800,-20
Quench Snail Mucin Collagen boost Mask - Pack Of 3,₹848,-547
TONYMOLY Wonder Ceramide Mochi Skincare Combo (Serum +Emulsi...,₹3150,-1413
belif UV Protector Korean Vegan Tinted Mineral Face Sunscree...,₹2699,-570
Sanfe Next Day Korean Glass Skin Overnight Mask For Instant ...,₹355,-25
Mirabelle Korea Gold-Colla Hydrogel Mask,₹569,-16
COSRX Centella Water Alcohol-Free Toner,₹981,-42
AXIS-Y PHA Resurfacing Glow Peel,₹1530,-5
Pilgrim Korean White Lotus Tinted Sunscreen SPF 50+ PA++++ W...,₹455,-37
Torriden Cellmazing Firming Gel Mask,₹540,-1
Isntree Real Rose Calming Mask,₹1305,-6
Quench Brightening Lip Balm With SPF 60+ PA++++ - Bare Bliss,₹227,-52
Dr.Jart+ Vital Hydra Solution Hydro Plump Overnight Mask – N...,₹2850,-3
Quench Oil Control Sheet Mask with Cica & Korean Ginseng,₹117,-349
LANEIGE Skin Bounce Combo,₹2200,-16029
Sulwhasoo Gentle Cleansing Oil,₹3000,-87
"Mixsoon Collagen Toner Pad, Firms, Hydrates & Boosts Skin El...",₹2174,NA
belif UV Protector Korean Vegan Tinted Mineral Face Sunscree...,₹2699,-570
"Mixsoon Bifida Mask Pack, Repairs Damaged Skin & Strengthens...",₹194,-5
The Face Shop Vegan Korean Sunscreen Serum SPF 50+ PA++++ wi...,₹2089,-207
manyo Pure Cleansing Oil,₹765,-133
Anua Heartleaf Silky Moisture Sun Cream SPF 50+ PA++++ Hydra...,₹1710,-9
VT Cosmetics Pro Cica Reedle Shot 100 2-Step Hydrogel Mask,₹449,-10
Indulgeo Essentials Bio-Collagen Intense Glow Sheet Mask,₹1683,-47
"Indulgeo Essentials Melting Collagen Sheet Mask, Set of 2",₹978,-249
Dr.Jart+ Dermask Soothing & Moisturizing Hydra Solution Pro ...,₹490,-11
Dr.Jart+ Cicapair Intensive Soothing Repair Serum Mask With ...,₹699,-6
LANEIGE Vanilla Dream Lip Duo,₹2170,-58812
Skinfood Strawberry Sugar Food Mask,₹1056,NA
VT Cosmetics Hydrop Reedle Shot 100Hl 2-Step Hydrogel Mask,₹449,-6
TONYMOLY Korean Wonder Tea Tree Pore Fresh Toner to Soothe &...,₹1100,-18
LANEIGE Sweet Candy Lip Duo,₹2170,-58811
Missha Pure Source Pocket Pack,₹100,-65
SUROSKIE GlowEase 2 in 1 Cleanser & Mask For Glow & Hydratio...,₹935,-9
"Celimax The Real Noni Refresh Clay Mask, Deep Cleansing & Hy...",₹1444,NA
Mirabelle Korea Cica - Pep Intensive Peeling Gel,₹854,-7
Mirabelle Rice Water Facial Sheet Mask For Anti - Acne,₹119,-217
"TONYMOLY Korean Wonder Rice Smoothing Toner-Hydrates, Bright...",₹1100,-24
Skinfood Carrot Carotene Calming Water Pad,₹1971,-5
Sanfe High Prime Collagen Melting Film For 5X Hydrating Skin,₹444,-12
TONYMOLY Pureness Sheet Mask Combo,₹1000,-2
Innisfree 1% Retinol Green Tea VEGAN PDRN Ampoule - Anti-Agi...,₹2340,-7
TONYMOLY Korean Clean Dew Lemon Foam Cleanser to Brighten & ...,₹715,-669
Dr. Ceuracle Vegan Kombucha Tea Essence,₹2790,-3
Skinfood Honey Sugar Food Mask,₹1056,NA
Innisfree Green Tea Hyaluronic Toner - Hydrating & Refreshin...,₹1250,-361
"The Face Shop Vitamin Korean Lip Sleeping Mask for Dark, Dry...",₹1101,-183
TONYMOLY Korean I'm Rose Face Sheet Mask to Calm & Moisturiz...,₹100,-29
Chicnutrix Korean Black Charcoal + Aloe Vera + Niacinamide S...,₹66,-4
Pyunkang Yul Essence Toner,₹1500,-8
Dr.Jart+ Dermask Porecting Solution Face Mask – Sheet Mask F...,₹490,-10
"Mixsoon Hyaluronic Acid Toner Pad, Hydrates, Plumps & Soothe...",₹2174,NA
Quench Cica & Niacinamide Dark Circle Under Eye Cream,₹454,-1231
Mirabelle Snail Facial Sheet Mask For Intense Hydration & Re...,₹149,-189
Mirabelle Vitamin C & E Facial Sheet Mask For Lighten Dark S...,₹129,-107
LANEIGE Bouncy Skin On The Go,₹3250,-1
Quench Snail Mucin Collagen Boost Face Wash,₹409,-15
"Ariul True AC Spot Cover Duo Set, Dual Korean Acne Patches f...",₹824,NA
Skinfood Sous Vide Mask Sheet,₹100,-84
Skinfood Pineapple Peeling Gel,₹695,-24
The Face Shop Rice Water Bright Cleansing Foam Face Wash - P...,₹1163,-8398
Pyunkang Yul Calming Clear Spot Patch,₹1750,NA
Skinfood Lavender Food Mask,₹1056,NA
"Mixsoon Daily Mask Pack Wednesday, Soothes, Hydrates & Stren...",₹187,NA
Skinfood Cica Clear Spot Patch,₹990,-3
WILDGLOW Invisible Melting Collagen Face Mask 1 Unit- 6 Patc...,₹845,-1
Mirabelle Hyaluronic Acid Facial Sheet Mask For Oil Control,₹129,-57
Skinfood Apricot Food Mask,₹1056,NA
d'Alba piedmont White Truffle Double Layer Revitalizing Seru...,₹2430,NA
AXIS-Y Daily Purifying Treatment Toner,₹1700,-13
WILDGLOW Super Hydrated Korean Mud Mask,₹2099,NA
Skinfood Lemon Dill Butter Food Mask,₹1056,NA
ETUDE 0.2 Air Mask Snail Sheet Mask,₹75,-403
Skinfood Pear Mint Food Mask,₹1056,NA
It's Skin Hyaluronic Acid Moisture Mask Sheet,₹108,-17
Mirabelle Facial Sheet Mask,₹129,-12050
Sulwhasoo Bestseller Anti-Aging Routine,₹3800,-514
Quench Snail Mucin Collagen boost Mask - Pack Of 2,₹586,-547
Torriden Dive In Skin Booster,₹1305,-5
Apieu Goblin Blackhead 3-step Nose Pack,₹135,-17
It's Skin The Fresh Mask Sheet - Honey,₹100,-114
Beauty of Joseon Anti-Ageing Duo,₹3060,-5442
Missha Airy Fit Sheet Mask,₹100,-101
Its Skin The Moisture & Vitality Mask Sheet Rose,₹100,-143
Miss Claire Multi Vita Whitening Solution Mask,₹120,-249
Mintree Organic Blueberry at Home Facial Kit for Women Korea...,₹1118,-1
"Sanfe Ocean Dew Seaweed Face Sheet Mask, Hydrating & Glowing...",₹133,-34
Mirabelle Korea Bubble-Pop Sparkling Mask,₹284,-4
Miss Claire Pore Detox Mud Sheet Mask With Purifying Green T...,₹109,-110
It's Skin The Fresh Mask Sheet - Blueberry,₹100,-174
WILDGLOW Acne Pimple Patches,₹199,-11
It's Skin The Fresh Mask Sheet - Pomegranate,₹100,-128
Aestura Derma UV365 Red Calming Tone - Up Sunscreen 50+ SPF/...,₹1500,-10
Mintree Organic Muskmelon Brightening at Home Facial Kit for...,₹1270,NA
Miss Claire NMF Hydrating Solution Mask,₹120,-487
Mintree Organic Pomegranate Brightening at Home Facial for W...,₹1270,NA
Mirabelle Men's Facial Sheet Mask For Intense Brightening & ...,₹149,-15
"Ariul Watermelon Hydro Vital Sleeping Mask, Korean Overnight...",₹1199,NA
It's Skin The Fresh Mask Sheet - Aloe,₹100,-74
"The Face Shop Tea Tree Korean Toner Pads with AHA, Salicylic...",₹2659,-26
"Celimax The Real Noni Moisture Balancing Toner, Hydrating & ...",₹1903,-6
Miss Claire Pore Detox Mud Sheet Mask With Anti Oxidant Rasp...,₹109,-36
Sulwhasoo Essential Revitalizing Water,₹4500,NA
Ariul 7days Mask - Tea Tree + M,₹149,-3
Ariul 7days Mask - Lotus + N,₹149,-1
It's Skin The Fresh Mask Sheet - Carrot,₹100,-111
Arencia Green Tea + LHA Deep Pore Rice Cake Cleanser,₹1890,-8
Pyunkang Yul Calming Moisture Nourishing Cream,₹1400,-7
Mintree Organic Guava at Home Facial Kit for Women Korean Hy...,₹1118,NA
Its Skin The Moisture & Fresh Mask Sheet - Bamboo,₹100,-104
It's Skin The Fresh Mask Sheet - Avocado,₹100,-142
Mintree Organic Coffee at Home Facial Kit for Men Korean Mel...,₹1118,NA
Ariul 7days Mask - Lemon + C,₹149,-1
Mintree Organic Avacado at Home Facial Kit for Women Korean ...,₹1105,-1
Ariul 7days Mask - Aloe + H,₹149,NA
It's Skin The Fresh Mask Sheet - Olive,₹100,-88
Ariul 7days Mask - Green Tea + S,₹149,NA
Ariul 7days Mask - Calendula + P,₹149,-2
I'M SORRY FOR MY SKIN Jelly Mask - Revitalizing - Pack of 10,₹1990,NA
I'M SORRY FOR MY SKIN Jelly Mask - Pore Care - Pack of 10,₹1990,NA
I'M SORRY FOR MY SKIN S.0.S Jelly Mask - Soothing - Pack of ...,₹1990,NA
Innisfree Green Tea Hyaluronic Sunscreen Serum SPF 50+ PA+++...,₹1663,-15
Sulwhasoo Concentrated Ginseng Rejuvenating Eye Cream,₹9000,-8
O3+ Whitening Tonic Brightening &Whitening (Dermal Zone),₹618,-220
Aestura Atobarrier365 Foaming Cleanser,₹1300,-4
Mirabelle Korea Red Rice Deep Cleansing Face Wash,₹902,-72
ETUDE Soonjung Director's Tone Up Sun Cream SPF50+ PA++++,₹1530,-8
Thank You Farmer Korean Sun Stick SPF50+ PA++++- UVA/B Block...,₹1799,-731
Sulwhasoo Overnight Repair Ritual Combo,₹6200,-1586
Klairs Vitamin Drop & Supple Toner Combo,₹2550,-29828
Numbuzin No.1 Centella Re-Leaf Green Toner Pad,₹1755,-5
VT Cosmetics PDRN Reedle Shot 100,₹4499,-1
The Face Shop Collagen & Pomegranate Korean Under Eye Cream ...,₹2190,-256
Innisfree Barrier Repair Care Combo,₹2600,-51
Aestura Theracne365 Hydro Active Toner,₹2000,-1
The Face Shop Perfect Tinted Korean Sunscreen SPF 50 PA++++ ...,₹1377,-248
TONYMOLY Korean The Chok Chok Green Tea Watery Skin Toner to...,₹1600,-477
VT Cosmetics Reedle Shot 300,₹3599,-2
TONYMOLY Korean Clean Dew Blueberry Foam Cleanser to Soften ...,₹700,-443
Innisfree Black Tea Youth Enhancing Lotion - Firms & Revital...,₹1900,-76
COSRX Airy-Light Invisible Sun Stick SPF 50+ PA++++,₹1755,-4
LANEIGE Bounce and Berry combo,₹4020,-10415
TONYMOLY Korean The Chok Chok Green Tea Cleansing Water to P...,₹690,-74
"belif Superknight Multi Vitamin Lipcerin-Korean Lip Mask, Sc...",₹1728,-32
ONE THING Cica B5 Toner,₹1395,-6
ONE THING Hyaluronic Acid Complex,₹1305,-97
"Dr.Different VITALIFT-A Forte, 0.1% Retinal Night Cream for ...",₹3374,NA
belif Creamy Cleansing Foam - Brightening Vegan Korean Face ...,₹1890,-15
The Face Shop Vitamin C Brightening Korean Face Wash - Foami...,₹891,-11
Arencia Rice Mucin Cleanser,₹1575,-1
The Face Shop Vitamin Korean Mini Lip Sleeping Mask for Dark...,₹513,-186
Dr.Jart+ Korean Glass Skin Hydration Kit,₹1850,-68
Mystiq Living Fermented Rice Water Face Toner Spray For Kore...,₹256,-120
"Dr.Different VITAACNAL TX Night Cream, 0.1% Retinal for Acne...",₹2414,-2
ONE THING Galactomyces Ferment Filtrate,₹1755,-43
Innisfree Bija Trouble Care Skin Toner With Salicylic Acid -...,₹1150,-672
Beauty of Joseon Ultimate Red Bean Duo,₹3360,-1885
Innisfree Black Tea Youth Toner - Anti-Aging & Hydrating For...,₹1900,-45
Skin1004 Madagascar Centella Tea-Trica Purifying Toner,₹1795,-1
Sulwhasoo UV Daily Tone Up Sunscreen,₹5700,-4
Ricekraft Korean Rice Water Toner,₹325,-11
ONE THING Houttuynia Cordata Extract,₹945,-105
Glamveda Korean Glass Skin Rice & Ceramide 4 Step Gift Box,₹939,-52
"Dr.Different VITALIFT-A, 0.05% Retinal Night Cream for Fine ...",₹2684,NA
LANEIGE Daily Hydration Essential Set,₹2400,-1
AXIS-Y The Mini Glow Set,₹630,-90
"d'Alba piedmont Waterfull Essence Sun Cream, Vegan Lightweig...",₹1800,-2
Pyunkang Yul Mist Toner,₹1400,-3
Glamveda Korean Glass Skin Rice & Ceramide Water Toner,₹244,-33
Torriden Dive In Cleansing Foam - Gentle Hydrating Korean Hy...,₹1080,-5
Sulwhasoo Double Cleansing Duo,₹5500,-524
"Celimax Heart Pink Tone Up Sun Cream SPF 50+ PA++++, Brighte...",₹1614,-3
Innisfree Volcanic Cleansers - Pack Of 2,₹1440,-10302
Innisfree Olive Vitamin E Real Cleansing Foam,₹855,-9
Hydrating Skin Duo for Dry Skin,₹2125,-42013
"BRING GREEN Tea Tree Cica Soothing Korean Toner, For Acne-Pr...",₹990,-1
Klairs Maple Energy Infusing Serum,₹1485,-6
TONYMOLY Korean Clean Dew Acerola Foam Cleanser to Make Skin...,₹715,-3709
Anua Airy Sun Cream SPF 50+ PA++++ Mineral Sunscreen with Zi...,₹1710,-10
Quench Cherry Blossom Brightening Foam Cleanser,₹454,-230
LANEIGE Water Bank Cream With Refill Duo,₹3850,-4
LANEIGE Water Bank Blue Hyaluronic Eye Cream,₹2900,-224
Klairs Vitamin Drop Multi-Pack,₹2669,-25794
Illiyoon Ceramide Ato Gentle Skin Toner,₹1730,NA
AXIS-Y Complete No-Stress Physical Sunscreen SPF 50+ PA++++,₹1700,-37
VT Cosmetics Reedle Shot 100 Stick,₹899,-8
Innisfree Retinol Green Tea Pdrn Skinbooster Toner,₹1440,NA
It's Skin Hyaluronic Acid Moisture Toner,₹990,-222
Arencia Black Tea Rice Mochi Cleanser,₹1575,-2
VT Cosmetics Collagen Reedle Shot 100 Stick,₹1124,-40
Innisfree Porecare Besties Combo,₹1710,-42491
Bioheal BOH Bestseller 3D Lifting Anti-Aging Korean Skincare...,₹4572,-8
"Celimax Baking Soda Jiwoogae Foam Cleanser, Deep Pore Purify...",₹849,-17
VT Cosmetics Collagen Reedle Shot 100,₹3599,-2
Mirabelle Korea Vitamin Toner Pads,₹1425,-19
Quench Cherry Blossom Glow Sunscreen Serum,₹545,-120
VT Cosmetics Vita-Light Reedle Shot 100,₹3599,-3
Pore Clearing Exfoliating Face Wash for Oily & Acne-Prone Sk...,₹363,-569
The Face Shop PHA Toner with Hyaluronic Acid – Liquid Exfoli...,₹1169,-4
Sulwhasoo Summers Radiance Combo,₹3800,-140
"Mixsoon Galactomyces Toner Pad, Gentle Exfoliation, Brighten...",₹2174,-2
TONYMOLY Korean Clean Dew Aloe Foam Cleanser to Soothe & Hyd...,₹715,-281
Dr.Jart+ Cicapair Intensive Soothing Repair Treatment Lotion...,₹2950,-3
Glamveda Korean Glass Skin Rice & Ceramide Brightening Combo...,₹925,-111
Anua Heartleaf 77 Soothing Toner,₹1710,NA
manyo Blackhead & Pore Toner,₹1485,-4
It's Skin Peptide Collagen Toner,₹1311,-2
Pyunkang Yul Low PH Pore Deep Cleansing Foam,₹1050,-15
Torriden Dive In Trial Kit,₹1845,-2
Glamveda Rice & Ceramide Korean Glass Skin Combo (Face Wash ...,₹363,-152
COSRX & Torriden Hydration & Glow Boost Combo for Dry Skin,₹2890,-30401
belif Moisturizing Bomb Toner,₹926,-2
ONE THING Niacinamide Glutathione Serum,₹1665,-5
"Mixsoon Centella Toner Pad, Calms Redness, Soothes & Hydrate...",₹2174,-3
"Celimax Ji Woo Gae Cica BHA Acne Foam Cleanser, Exfoliates, ...",₹1274,-6
Numbuzin No.2 Deep Clean Fresh Cream Cleanser,₹945,-6
Klairs Rich Moist Serum & Supple Toner Combo,₹2550,-5382
Sulwhasoo UV Daily Fluid Sunscreen SPF 50+ PA+++,₹3800,-6
Quench Korean Acne Defense Combo,₹991,-5733
Arencia Calendula Rice Mochi Cleanser,₹1575,-2
Arencia Fresh Lime Hibiscus Cleanser,₹945,-3
Pyunkang Yul Calming Deep Moisture Toner,₹1300,-4
LANEIGE Glaze & Bouncy Drumbeat Set,₹1450,NA
TONYMOLY Korean Intense Care Gold 24K Snail Toner to Hydrate...,₹2000,-11
Mirabelle Korea Cica - Pep Intensive Toner,₹712,-1
"TONYMOLY Korean Mini Peach Lip Balm with SPF 15 to Hydrate, ...",₹690,-270
Skinfood Yuja C Dark Spot Clear Toner,₹1672,NA
VT Cosmetics Vita-Light Reedle Shot 100 Stick,₹1124,-16
Skinfood Acorn Pore Peptide Pad,₹1751,NA
belif Problem Solution Vegan Korean Toner Pads – For Acne-Pr...,₹2484,-4
SOME BY MI Bye Bye Blackhead 30 Days Miracle Green Tea Tox B...,₹1529,-44
manyo Bifida Biome Ampoule Toner,₹675,-13
Pilgrim 5 Ceramides Barrier Repair Moisturizer with Korean C...,₹593,-1402
Arencia Red Smoothie Serum 8,₹1665,NA
"d'Alba piedmont White Truffle Deep Clean Foam Cleanser, Vega...",₹1620,NA
Skinfood Pink Grapefruit Aha Toner,₹1056,-1
Skinfood Royal Honey Propolis Enrich Toner,₹1751,NA
TONYMOLY Propolis Tower Barrier Rebalancing Toner,₹1875,-8
Pyunkang Yul Black Tea Deep Infusion Toner,₹3000,-2
Skinfood Rice Daily Brightening Cleansing Foam,₹621,-9
Skinfood Pantothenic Water Parsley Clear Pad,₹1971,-1
TONYMOLY Derma Lab Hyaluron 10X Toner,₹1275,NA
Aestura Derma UV365 Barrier Hydro Mineral Sunscreen 50+ SPF/...,₹1500,-14
TONYMOLY Pure Dew Tea Tree Yuja C Purifying Toner,₹1144,-1
Innisfree Correct + Hydrate Combo Diminish Dark Spot & Long-...,₹3150,-8794
TONYMOLY Korean Timeless Ferment Snail Eye Mask to Hydrate &...,₹250,-2438
Thank You Farmer Rice Clay Mask To Foam Korean Cleanser - Br...,₹1499,-36
AMPLE:N Centel Calming Shot Toner Pad,₹1440,NA
Anua Heartleaf 80 Moisture Soothing Ampoule,₹2250,NA
manyo Double Cleansing Minis Duo,₹1360,-73
Missha Super Aqua Ultra Hyalron Toner Pads,₹1971,-5
"Celimax Dual Barrier Mild Gel Cleanser, Calms, Hydrates, and...",₹1317,-7
Pilgrim 10% Niacinamide Face Serum For Acne Marks - Pack Of ...,₹893,-661
Mirabelle Korea Hya - Colla Moisture Face Wash,₹617,-13
I'm From Mugwort Gel Cleanser,₹1206,-5
AXIS-Y Biome Comforting Infused Toner,₹1980,NA
Skinfood Shine Muscat Bha Toner,₹1056,NA
Pilgrim Retinol Night Cream for Anti-Aging Care - Pack of 3,₹1463,-10984
O3+ Cooling & Purifying Face Wash Normal To Oily Skin Dermal...,₹265,-290
Innisfree Skincare Combo For Oily Skin,₹1710,-42490
"Innisfree Hyaluron Moist Sunscreen SPF 50+ PA++++, No White ...",₹801,-950
Zobha Illuminat Korean Glass Finish Toner With Blue Lotus Wa...,₹744,NA
Skinfood Black Sugar Perfect Toner,₹1690,NA
Innisfree Hydration Barrier Gift Set Holiday K-Beauty Skinca...,₹1246,-2
Dr.Jart+ Pore Remedy Renewing Foam Cleanser – Deep Cleansing...,₹2500,-1
VT Cosmetics PDRN Reedle Shot 300,₹5399,-1
Nykaa Naturals Rice Water Cleanser & Collagen Sheet Mask,₹497,-896
AXIS-Y Acne Fighter Set,₹2810,-56
Quench Mama Cica Zit Away Treatment Patch Combo,₹526,-1616
VT Cosmetics Vita-Light Reedle Shot 300,₹4499,NA
LANEIGE Plump And Hydrate Trio,₹2350,-2
SunScoop Ceramide & Rice Water Gel Sunscreen SPF 50+ PA++++,₹319,-37
COSRX Oily Skin Routine Combo,₹2125,-13806
Torriden Cellmazing Brightening Ampoule,₹1845,NA
Pyunkang Yul Cleansing Foam,₹950,-10
"SIXAM Glow 2-in-1 Korean Double Duty Cleanser, Makeup Remove...",₹639,-12
Innisfree Wildy Hydrating Combo,₹2980,-2815
Dr.Jart+ Korean Glass Skin AM-PM Routine Kit,₹4100,-24
Innisfree Radiance & UV Defense Combo,₹2650,-183
Klairs Hydration Combo,₹2550,-5380
Dr.Jart+ Korean Glow Kit for Summer Hydration,₹3600,-102
Innisfree Dewy Lip Balm Hyaluronic Acid - Long-Lasting Moist...,₹1045,-93
Numbuzin Barrier Repair Duo,₹3825,-10
"The Face Shop Vegan Korean Lipcerin - Lip Mask, Glowy Balm, ...",₹1400,-45
Pilgrim 5 Ceramides Barrier Repair Moisturizer with Korean C...,₹853,-1402
VT Cosmetics Reedle Shot 300 Stick,₹1079,-2
Klairs All-Day Airy Mineral Sunscreen SPF50+ PA++++,₹1980,-5
Arencia Holy Hyssop Serum 12,₹1575,-3
manyo Pure & Deep Cleansing Foam,₹675,-28
Pilgrim 10% Niacinamide Serum Trio for Even-Toned Skin,₹1339,-662
VT Cosmetics PDRN Reedle Shot 700,₹6299,-1
Sulwhasoo UV Daily Essential Sunscreen,₹5700,-1
Bioheal Boh Probioderm 3D Lifting Ampoule - Firming Korean S...,₹2241,-1
Dr.Jart+ Moisturizing Ceramidin Lip Balm With Ceramides For ...,₹1450,-10
Innisfree UV Active Poreless Sunscreen SPF 50+ PA++++ For Sm...,₹846,-300
Ricekraft Rice Water Face Wash Korean Gentle Cleanser,₹325,-10
TONYMOLY Korean Clean Dew Red Grapefruit Foam Cleanser with ...,₹3000,-439
VT Cosmetics Collagen Reedle Shot 300,₹4499,NA
Arencia Rice Mucin Glow Serum 30,₹2070,-2
Innisfree Tone Up Watering Sun - Brightening Lightweight Sun...,₹1520,-3
BANILA CO Clean It Zero Foam Cleanser,₹1160,-5
Missha Vita C Plus Clear Complexion Foaming Cleanser,₹952,-6
Dr.Jart+ Cicapair Gentle Cleansing Foam – Daily Moisturizing...,₹2750,NA
TONYMOLY Korean Fresh To Go Avocado Daily Foam Cleanser to N...,₹638,-3
Innisfree Clear & Hydrate Gift Set Holiday Pore Care & Light...,₹770,NA
Mirabelle Korea Cica - Pep Intensive Face Wash,₹664,-3
Dr.Jart+ Brightamin Brightening Eye Serum Stick With Vitamin...,₹4050,-2
Dr. Ceuracle Pro Balance Creamy Deep Cleansing Foam,₹1150,-1
TONYMOLY Korean Fresh To Go Rice Daily Foam Cleanser to Brig...,₹500,NA
Mirabelle Korea Snail Miin Pure Bubble Cleanser,₹949,-4
Skinfood Egg White Perfect Pore Cleansing Oil,₹1341,-22
By Wishtrend Green Tea & Enzyme Powder Wash,₹1494,-10
VT Cosmetics Reti-A Reedle Shot 100,₹3599,NA
ONE THING Hyaluronic Squalane Serum,₹405,-1
Dr.Jart+ Dermaclear Ph Cleanser Foam Face Wash – Daily Gentl...,₹1700,NA
TONYMOLY Korean Fresh To Go Pomegranate Daily Foam Cleanser ...,₹850,-6
It's Skin Peptide Collagen Cleansing Foam,₹1311,-2
Skinfood Egg White Perfect Pore Cleansing Foam,₹711,-47
belif Super Drop Glow Serum,₹2025,NA
Indulgeo Essentials U-We Protect Ultra Light Sunscreen Gel S...,₹842,-170
"Biodance Hydro Cera-nol Ampoule, Moisturizing Korean Face Se...",₹3325,NA
BANILA CO Clean It Zero Pore Clarifying Foam Cleanser,₹1320,-2
Torriden Cellmazing Firming Eye Cream,₹1800,-3
VT Cosmetics Pro Cica Reedle Shot 100,₹3599,-3
belif Aqua Bomb Jelly Cleanser - Hydrating Vegan Korean Gent...,₹2151,-40
belif Aqua Bomb Jelly Cleanser - Hydrating Vegan Korean Gent...,₹2151,-40
WOW Skin Science Men Korean Ginseng + Kojic Acid Detan Face ...,₹239,-29
Needly Mild Cleansing Gel - Quillaja Saponaria Bark Extract,₹2150,NA
ONE THING Cica B5 Serum,₹1575,-2
BANILA CO Clean It Zero Pure Cleansing Water,₹1640,-1
Mirabelle Korea Hya - Colla Moisture Serum,₹854,-11
Innisfree Canola Honey Lip Balm,₹618,-8
The Face Shop Vegan Sunscreen Stick SPF 50+ PA++++ : Korean ...,₹2039,-41
"Kaine Rosemary Relief Gel Cleanser, Acne-Clarifying Korean C...",₹1125,NA
AMPLE:N Peptide Shot Ampoule 2X,₹1080,-1
Illiyoon Gentle Foaming Deep Facial Cleanser,₹1580,NA
The Face Shop Lip Treat Duo Kit,₹799,NA
Ariul Apple Cider Whipping Cream Cleanser Korean Gentle Foam...,₹1799,NA
Thank You Farmer Pollufree™ Korean Makeup Cleansing Balm - F...,₹2249,-1
Indulgeo Essentials U-We Protect Ultra Light Sunscreen Gel S...,₹842,-170
WILDGLOW Watermelon Jelly Facial Cleanser,₹999,NA
SSUNSU Water Barrier Cera Ginseng Cloud Cleanser,₹1200,NA
Skinfood Pantothenic Water Parsley Refresh Cleansing Foam,₹1190,NA
Dr. Ceuracle Tea Tree Purifine Cleansing Foam,₹1900,NA
Arencia Rice Mucin Glow Serum,₹1665,-1
It's Skin V7 Hyaluronic Cleanser,₹1311,NA
VT Cosmetics Reti-A Reedle Shot 300,₹4499,NA
Innisfree Tone Up No Sebum Sunscreen EX SPF 50+ - Matte Oil ...,₹980,-2
Dr. Ceuracle 5a Control Clearing Cleansing Foam,₹1699,NA
Ariul Apple Cider PH Balancing Cleansing Foam Korean Gentle ...,₹1124,NA
Skinfood Black Sugar Perfect Bubble Foam,₹1341,NA
AXIS-Y Mask Now Glow Later Duo Set,₹1350,NA
"Mixsoon Bifida Ferment Essence, Repairs & Strengthens Skin B...",₹2624,NA
The Face Shop Alltimate PDRN Deep Hydration Serum With 7 Typ...,₹1638,NA
"Round Lab Birch Juice Serum, Hydrating, Alcohol-Free Barrier...",₹2294,NA
VT Cosmetics Reti-A Reedle Shot 100 Stick,₹1124,-1
I'm From Mugwort Serum,₹1890,NA
"Mixsoon Korean Galactomyces Ferment Essence, Brightens & Smo...",₹2624,NA
Mirabelle Korea Red Rice Serum,₹1805,-2
"Round Lab Birch Juice Moisturizing Ampoule, Long-Lasting Hyd...",₹2294,-1
Missha Glow Cushion Light No.21P Fair SPF 37 PA+++,₹2490,-20
Innisfree Green Tea Milk Supercharged Set,₹1450,NA
Dr.Jart+ Brightamin Brightening Serum Ampoule With Vitamin C...,₹3350,-1
"d'Alba piedmont Waterfull Mild Sun Cream, Vegan, SPF 50+ PA+...",₹1800,NA
Mirabelle Korea Snail Miin Recovery Essence,₹1424,-14
"Round Lab Pine Calming Cica Ampoule, Soothing Hydrating Seru...",₹1954,NA
VT Cosmetics Hydrop Reedle Shot 100Hl,₹3599,-1
"Round Lab 1025 Dokdo Ampoule, Deep Hydration and Skin Barrie...",₹2294,NA
VT Cosmetics Collagen Reedle Shot 700,₹5399,NA
AMPLE:N Entangle Shot Collagen Ampoule,₹1800,-1
Mirabelle Korea Cica - Pep Intensive Serum,₹949,-2
Innisfree Hydrate Glow-Up Gift Set Festive K-Beauty Hydratio...,₹1540,NA
VT Cosmetics Pro Cica Reedle Shot 100 Stick,₹1124,-3
Skinfood Yuja C Dark Spot Clear Serum,₹1848,NA
SSUNSU Glow Up Niacin Ginseng Serum,₹1399,NA
VT Cosmetics Vita-Light Reedle Shot 700,₹5399,NA
"Kaine Vita Drop Serum, Brightening Korean Serum with Vitamin...",₹1485,-1
Skinfood Acorn Pore Peptide Ampoule,₹1751,NA
TBC - The Bath and Care Needle Glow Advanced Exosome Infused...,₹1125,NA
Mirabelle Korea Red Rice Tone Control Sun Cream,₹1234,-13
AMPLE:N Blemi Shot Ampoule,₹1800,NA
Mirabelle Korea Skin Biome Serum,₹1995,-7
Mixsoon Korean Daisy Essence,₹2624,NA
Medicube PDRN Pink One Day Serum - Pack of 10,₹2500,NA
"WILDGLOW 2% Kojic Acid Face Serum for Dark Spots, Skin Brigh...",₹499,-4
"Ariul 7Days AC Cica Blemish Serum, Cica + BHA Korean Serum f...",₹974,-2
Innisfree Intensive Leisure Sun Stick SPF 50+ - Matte UV Pro...,₹1520,-1
VT Cosmetics Pro Cica Reedle Shot 700,₹5399,NA
belif Superknight Tinted Lipcerin Korean Lip Mask,₹1485,-1
"The Face Shop Rice Water Eye Cream with Niacinamide, Brighte...",₹1500,-15
VT Cosmetics Hydrop Reedle Shot 300Hl,₹4499,NA
Dr. Ceuracle Royal Vita Propolis 33 Ampoule,₹1950,-1
belif UV Protector Tone-Up Sunscreen SPF 50+ PA++++,₹2691,-2
"Orgatre Korean Ceramide & Rice Water Face Serum - Hydrates, ...",₹337,-8
Dr. Ceuracle Royal Vita Propolis,₹3190,NA
AMPLE:N Ceramide Shot Ampoule Mist,₹1170,NA
Thank You Farmer Rice Pure Glow Travel Kit,₹1274,-6
Mirabelle Korea Cica-Pep Intensive Sunscreen,₹854,-4
"Innisfree Hyaluron Moist Sunscreen SPF 50+ PA++++, Lightweig...",₹1155,-1
"Ariul 7Days Advanced Anti-Aging Serum, Phyto-Retinol Korean ...",₹974,NA
Mixsoon Korean Hinoki Essence,₹2624,NA
Torriden Dive In Mild Sun Cream Spf+ Pa++++,₹1800,-1
ETUDE Ginger Sugar Overnight Lip Mask,₹638,-22
VT Cosmetics Hydrop Reedle Shot 700Hl,₹5399,NA
VT Cosmetics Reti-A Reedle Shot 700,₹5399,NA
AMPLE:N Hyaluron Shot Hydration Ampoule,₹1080,NA
VT Cosmetics Pro Cica Reedle Shot 300,₹4499,NA
Ariul Green Vitamin C Toning Ampoule Korean Brightening Seru...,₹2249,NA
Dr. Ceuracle Hyal Reyouth Moist Sun SPF 50 PA++++,₹1699,-1
Glamveda Korean Glass Skin Rice & Ceramide 3 Step Skincare (...,₹863,-51
TIRTIR Mask Fit Red Mini Cushion Foundation,₹1200,-1733
Mirabelle Korea Snail Miin Real Revolution Eye Cream,₹1804,-34
Glamveda Korean Glass Skin Rice & Ceramide 3 Step Skincare(F...,₹896,-26
Quench Illuminating Korean Tinted Lip Oil (Pink),₹545,-110
Dr.Jart+ Every Sun Day Ultra-Sheer Priming Sunscreen Stick S...,₹2450,NA
Glamveda Korean Glass Skin Rice & Ceramide Face Serum & Mois...,₹664,-60
Torriden Dive In Moisture Sun Cream Spf+ Pa++++,₹1800,NA
"belif Moisturizing Korean Lip Bomb - Tinted Lip Mask, Lip Ba...",₹1607,-18
Ricekraft Spf 50+ Korean Sunscreen With Rice And Hyaluronic ...,₹515,-13
"Round Lab Dokdo Toner & Lotion Set, Hydrating and Gentle Exf...",₹2549,NA
Dr.Jart+ Ceramidin Ritual Set,₹2500,NA
The Face Shop Korean Sunquid- SPF50+ PA++++ Fluid Sunscreen ...,₹1692,-2
TONYMOLY Korean UV Master SPF50+ PA+++ Perfecting Sun Block-...,₹1350,-9
Anua Heartleaf Pore Control Cleansing Oil Mild For Sensitive...,₹1620,-29
Glamveda Korean Glass Skin Rice & Ceramide 3 Step Skincare C...,₹643,NA
Mirabelle Korea Hya-Colla Moisture Sunscreen,₹759,-5
AXIS-Y Biome Skin Lux Edition,₹3510,NA
TONYMOLY Korean UV Master Aqua Sun Gel SPF50+ PA+++-Hydratin...,₹1425,-5
belif The Aqua Special Kit - Aqua Bomb Gel Moisturizer & Mil...,₹2151,NA
Missha Glow Cushion Light No.21N Vanilla SPF 37 PA+++,₹2490,NA
Flurth's Lipbalm + Lip Oil + Korean Lip Tint,₹1450,-458
AXIS-Y Biome Recharging Night Renewal Set,₹2430,NA
manyo Galactomy Moisture Sun Serum,₹1485,-4
Put Simply Ray Away Korean Sunscreen Stick / Sunstick SPF 50...,₹1199,-7
Skinfood Berry Moisturizing Sun Cream SPF 50+ PA++++,₹1672,-1
Dr.Jart+ Cicapair Intensive Soothing Repair Gel Cream With C...,₹3550,-23
Dr.Jart+ Ceramidin Eye Cream with Ceramides & Niacinamide fo...,₹2500,NA
belif UV Protector Aqua Bomb Cooling Sunscreen SPF 50+ PA+++...,₹2178,-1
"Mixsoon Bean Sun Stick SPF 50+ PA++++, Protects & Nourishes ...",₹1799,-1
belif Super Knights Mint Plumping Lipcerin,₹1728,NA
Mirabelle Korea Berry Lip Balm,₹664,-7
BRING GREEN Tea Tree Cica Fresh Sun Cream SPF 50+ PA++++ Kor...,₹1350,NA
BANILA CO Hello Sunny Aqua Sun Essence SPF 50+ PA++++,₹1960,-1
Apieu Pure Block Aqua Sun Gel SPF50+ PA+++,₹695,-7
Skinfood Berry Glowing Sun Cream SPF 50+ PA++++,₹1672,NA
By Wishtrend Pore Smoothing Bakuchiol Sun Stick SPF50+ PA+++...,₹1485,NA
"Mixsoon Cica-Hyal Sun Stick SPF 50+ PA++++, Soothes & Protec...",₹1799,NA
Skinfood Avocado & Olive Lip Balm,₹519,-4
Flurth's Lipbalm + Lip Mask + Lip Peel,₹1450,-358
AXIS-Y Biome Double Defense Sunscreen,₹1600,NA
Skinfood Berry Soothing Sun Cream SPF 50+ PA++++,₹1672,-1
"Kaine Green Fit Pro Sun Spf 50+, Pa++++ Hybrid Korean Sunscr...",₹1440,-1
Suntique I'M DERMA Relief Sunstick SPF50+ PA++++,₹1267,-5
Dear Dahlia Paradise Blooming Balm,₹3100,NA
It's Skin Collagen Nutrition Eye Cream,₹990,-49
Rom&nd The Juicy Lasting Tint,₹940,-16334
Nykaa Skin Gold Hydrogel Under Eye Patches-Caffeine & Collag...,₹719,-15
The Face Shop Alltimate Panthenol 2% Exfoliating Gel -Korean...,₹1100,-29
TONYMOLY Pure Dew Tea Tree Yuja C Purifyng Eye Cream,₹1600,NA
Dr.Jart+ Cicapair Intensive Soothing Repair Cream With Cente...,₹3200,-12
The Face Shop Korean Jeju Aloe Vera Soothing Gel with Vitami...,₹466,-7072
Anua Heartleaf Lha Moisture Peeling Gel with Hyaluronic Acid...,₹1215,-11
Mirabelle Korea Red Rice All In One Cream,₹1093,-47
LANEIGE Bouncy And Firm Eye Sleeping Mask,₹2400,-22
COSRX AHA 7 Whitehead Power Liquid,₹1215,-934
TONYMOLY Korean Takopore Blackhead Scrub Stick-Charcoal & Mu...,₹750,-1528
TONYMOLY Wonder Ceramide Mochi Everyday Skin Routine Kit,₹996,-5
Mountainor Glutathione Hydrogel Under Eye Patch For Dark Cir...,₹600,-759
WILDGLOW Turmeric & Kojic Acid Face Cleansing Pads,₹599,-99
Mirabelle Korea Hya - Colla Moisture All In One Cream,₹759,-46
"I'm From Rice Starter Kit - Korean Rice Skincare Kit, Hydrat...",₹1485,-12
Mirabelle Korea Cica - Pep Intensive All In One Cream,₹759,-4
Innisfree Perfect 9 Repair Intensive Eye Cream - Anti-Aging ...,₹2850,-200
Mirabelle Korea Red Rice Aqua Tone Up Cream,₹1519,-2
Mirabelle Korea Snail Miin Repair All In One Cream,₹1188,-8
Pyunkang Yul Deep Clear Cleansing Balm,₹1400,-13
Aroma Care Expert Korean Glass Skin Glow Facial Kit,₹649,-9
Pyunkang Yul Calming Moisture Repair Balm,₹1300,-2
Mirabelle Korea Aloe Vera Fresh Soothing Gel,₹522,-3
"Round Lab 1025 Dokdo Cleansing Oil, Alcohol-Free Oil Cleanse...",₹1912,-3
Quench Vitamin E Korean Under Eye Hydrogel Patches,₹136,-541
"Thank You Farmer Pollufree™ Korean Cleansing Oil - For Face,...",₹2249,-2
Medicube Zero Pore One Day Cream,₹2800,NA
Wild Oak Korean Rice Radiant Glow Face Scrub,₹462,-13
COSRX Low pH Niacinamide Micellar Cleansing Water,₹540,-49
Anua Heartleaf Low Ph Deep Cleansing Water with Micellar Tec...,₹1440,NA
Uniqura Overnight Korean Collagen Mask 1% Hydrolyzed Collage...,₹299,-19
Mirabelle Korea Premium Wet Wipes,₹332,-20
ONE THING Houttuynia Cordata Modeling,₹1125,-1
ONE THING Hyaluronic Acid Modeling,₹1125,-1
Arencia Black Tea & Yuzu Fresh Cloud Body & Scalp Scrub,₹1755,NA
Innisfree Green Tea Hyaluronic Acid Under Eye And Face Serum...,₹1378,-142
Arencia French Mint & Lily Fresh Cloud Body & Scalp Scrub,₹1755,NA
Dr. Ceuracle Jeju Matcha Clay Pack,₹1900,NA
Arencia Lavender & Pear Fresh Cloud Body & Scalp Scrub,₹1755,-1
"Mixsoon Korean Bean Cleansing Oil, Removes Makeup, Nourishes...",₹2024,NA
Needly Daily Toner Pad,₹2550,NA
Arencia Geranium & Primrose Fresh Cloud Body & Scalp Scrub,₹1755,NA
Arencia White Tea & Neroli Fresh Cloud Body & Scalp Scrub,₹1755,NA
APLB Glutathione Niacinamide Cleansing Oil,₹690,NA
Oceglow Pore-Fect Cleansing Balm With Shea & Sunflower Oil D...,₹1225,-1
Dr. Ceuracle Pro Balance Pure Deep Cleansing Oil,₹1600,-1
"Kaine Kombu Jelly Oil Cleanser Removes Makeup, Sunscreen & I...",₹1665,NA
DR. RASHEL Korean Face & Body Scrub With Rice Water & Cerami...,₹239,NA
AXIS-Y Biome Resetting Moringa Cleansing Oil,₹1935,NA
Needly Cicachid Chilling Toner Pad - Chamaecyparis Obtusa Wa...,₹2200,NA
Needly Vita C Glow Jelly Pad,₹2200,NA
"The Face Shop Jeju Aloe Fresh Soothing Gel Tube, Pure Non St...",₹466,-1397
The Face Shop Vitamin E Gentle Exfoliating Lip Scrub With Ko...,₹1166,NA
Wild Oak Korean Ginseng Face Toner,₹552,NA
TONYMOLY Korean Panda's Dream Eye Patch with Bamboo Extract ...,₹150,-1442
Oxyglow Herbals Korean Glass Bleach Cream,₹228,NA
belif UV Protector Aqua Bomb Vegan Korean Face Sunscreen Ser...,₹2691,-5
Mirabelle Korea Perfect Fit Hydrogel Eye Patch,₹1519,-8
It's Skin Hyaluronic Acid Moisture Eye Cream,₹990,-77
"TONYMOLY Korean Intense Care Syn-Ake Eye Mask to Hydrate, Fi...",₹280,-21
Skinfood Avocado & Sugar Lip Scrub,₹695,NA
Mintree Melting Collagen Film Sheet+Collagen Booster Mist Ko...,₹1180,-1
Dear Dahlia Skin Paradise Pure Moisture Sun Lotion,₹2800,-3
Ultra Light Nourishing Body Lotion with Avocado & Vitamin E ...,₹454,-163
LANEIGE Neo Essential Blurring Finish Powder,₹1550,-25
Thank You Farmer Be Beautiful Skin,₹1874,-46
"Pilgrim Sulfate Free Shampoo with Argan Oil, Camellia & Whit...",₹317,-6493
Dr.Jart+ Premium BB Beauty Balm SPF 50 BB Cream,₹3650,-3
Skinfood Rice Daily Brightening Scrub Foam,₹711,-126
Skinfood Black Sugar Perfect Scrub Foam,₹891,-20
Missha M Perfect Cover BB Cream SPF42/PA+++ [No.27],₹790,-88
Innisfree Green Tea Cleansing Water - Removes Impurities & M...,₹1140,-654
Thank You Farmer Be Beautiful Natural BB Cream Sand Beige,₹2099,NA
Dr.Jart+ Pore Remedy Smoothing Primer – Pore Minimizer For M...,₹2200,NA
Torriden Dive In Cleansing Water,₹1440,NA
Miss Claire Prestige Pure Makeup Base - Shine White,₹796,-56
Bliss Of Earth Korean Kojic Acid Powder,₹680,-27
Wellbeing Nutrition Skin Renew Collagen Combo,₹2612,-915
Wellbeing Nutrition Shine & Unwind Bundle Combo,₹2546,-912
The Face Shop Smile Foot Peeling Mask,₹849,-521
TONYMOLY Korean Shiny Foot Super Peeling Liquid to Remove Ca...,₹1000,-3589
Mystiq Living Fermented Rice Water Face Toner Spray For Kore...,₹473,-240
ETUDE Face Blur Smoothing,₹960,-376
Rom&nd Glasting Melting Lip Balm,₹940,-242
ETUDE Ginger Sugar Melting Balm,₹801,-241
"The Face Shop Korean Hydrating, Oil Free Sunscreen SPF 50+ P...",₹1079,-948
Korean Beauty Box - Limited Edition Giftset,₹8586,-2
Mirabelle Facial Sheet Mask,₹159,-12050
Mirabelle Facial Sheet Mask,₹119,-12050
KAINE Glow Melting Lip Balm,₹1080,-2
AYUVYA Tint Love Lip Balm-Your Ultimate All-in-One Lip & Che...,₹248,NA
Pilgrim White Lotus Natural Face Mist & Toner - Pack of 2,₹408,-12343
KLOY Korean Style Bath Mitt for Exfoliation & Body Cleanser,₹199,-474
Innisfree Special Care Foot Mask - Softens & Nourishes Rough...,₹181,-2813
"Wellbeing Nutrition Beauty Collagen Peptides, HLA & Biotin, ...",₹1898,-184
Innisfree No Sebum Blur Primer - Smooth Pore Coverage & Soft...,₹950,-233
Mountainor Collagen for Youthful & Glowing Skin with Biotin ...,₹749,-440
Innisfree No Sebum AC Powder With Matte Finish - Controls Ex...,₹660,-216
Innisfree Special Care Hand Mask - Softens & Moisturizes Dry...,₹181,-1202
Nudestix Nudefix Cream Concealer,₹2560,-55
"Ariul The Perfect Daily Pick Peeling Pad, Korean Pads that G...",₹509,NA
"Ariul Apple Cider Deep Cleansing Oil, Korean Oil that Dissol...",₹1649,NA
Miss Claire Prestige Moisturizing Primer,₹1040,-19
Mountainor Collagen for Youthful & Glowing Skin with Biotin ...,₹899,-1
LetsShave Pro 6 Sensitive Value Set,₹809,-2
Wellbeing Nutrition Drinkable Skincare Combo for Glowing & A...,₹1334,-138
Wellbeing Nutrition Glow Boost Collagen Combo Pack,₹1125,-418
Wellbeing Nutrition Collagen Boost Age Defence Combo,₹2597,-474
RYO Root: Gen Hair Loss Care Shampoo For Men,₹1350,-1
The Face Shop Non-Greasy Korean Vegan Hand Cream - Sunset Ro...,₹359,-35
Quench Anti Dandruff Shampoo With Tea Tree & Lavender,₹363,-33
By Wishtrend Vitamin A-mazing Bakuchiol Body Lotion with AHA...,₹2250,-1
The Face Shop Daily Moment Korean Vegan Hand Cream Midnight ...,₹339,-32
La'dor Re-Boot Purifying Shampoo - Ginger & Apple - Korean H...,₹1419,-3
La'dor Re-Boot Vitalizing Shampoo - Propolis & Citron - Kore...,₹1419,-6
Quench Anti Dandruff Conditioner with Tea Tree Extracts,₹297,-11
"Skinfood Grape Seed Oil Body Lotion - Anti-Aging, Soothing, ...",₹1047,-2
"Skinfood Lemon Verbena Body Lotion - Soothing, Refreshing, S...",₹1047,NA
Glamveda Rice & Ceramide Body Lotion - Ultra-Hydrating Korea...,₹245,NA
Nuutjob Black Tea Hair Growth & Strengthening Serum For Men,₹599,NA
LANEIGE Water Bank Blue Hyaluronic Gel Moisturizer,₹3050,-1134
Anua Rice 70 Intensive Moisturizing Milk with Niacinamide & ...,₹1845,-22
"Numbuzin No.5 Vitamin Concentrated Serum, Korean Serum with ...",₹1890,-156
LANEIGE Water Bank Blue Hyaluronic Intensive Moisturizer,₹3050,-84
LANEIGE Lip Sleeping Mask Strawberry Short Cake,₹1750,-87
LANEIGE Lip Sleeping Mask Mini Duo,₹999,-43
"Celimax Pore + Dark Spot Brightening Serum,Reduces Pigmentat...",₹2549,-4
LANEIGE Lip Balm Trio,₹2250,-95568
Klairs Gentle Black Deep Cleansing Oil,₹1413,-1872
I'm From Rice Cream - Brightening Korean Moisturizer with Ri...,₹1935,-19
LANEIGE Bouncy And Firm Sleeping Mask,₹1300,-16
"The Face Shop Rice Water Cream with Niacinamide & HA, Bright...",₹1579,-39
"Celimax Dual Barrier Boosting Serum, Hydrates, Calms & Repai...",₹1784,-9
Innisfree Vitamin C Green Tea Brightening Cream - Evens Skin...,₹1845,-2
The Face Shop 98% Pure Vitamin C Brightening Korean Serum wi...,₹1935,-14
LANEIGE Bouncy & Firm Serum,₹3250,-24
Aestura Atobarrier365 Hydro Essence,₹1300,-23
COSRX The Vitamin C 23 Serum,₹1665,-2759
SOME BY MI AHA-BHA-PHA 30 Days Miracle Cream,₹1620,-152
Klairs Freshly Juiced Vitamin E Mask,₹1665,-4181
LANEIGE Radian-C Cream,₹2300,-188
Missha Time Revolution The First Essence 5x,₹3591,-10
Dr.Jart+ Vital Hydra Solution Hydro Plump Treatment Essence ...,₹3100,-4
iUNIK Centella Calming Gel Cream,₹1450,-37
Pilgrim 5% Niacinamide Skin Clarifying Face Serum,₹207,-239
Numbuzin No.8 Fine Cica Serum,₹2025,-1
It's Skin Power 10 Formula VC Effector With Vitamin C Deriva...,₹855,-2529
manyo Bifida Biome Ampoule Lotion,₹1845,-9
"One Thing Centella Soothing Cream, Moisturizing & Nourishing...",₹1305,-200
Ricekraft Oil Free Korean Face Moisturizer,₹515,-4
LANEIGE Cream Skin Cerapeptide Mist combo,₹2820,-5071
TIRTIR Ceramic Cream,₹2200,-7
Thank You Farmer Bakuvita Barrier Repair Moisturizer- with 7...,₹2549,NA
SSUNSU Water Bomb Hyalu Ginseng Moisture Cream,₹1299,-1
"Dr.Different 311 Moisturizer, For Dry, Damaged Skin with 3:1...",₹2249,NA
Missha Super Aqua Ultra Hyalron Cream,₹2331,-5
"Dr.Different 131 Moisturizer, For Mature, Dehydrated Skin wi...",₹2789,NA
Missha Bee Pollen Renew Cream,₹2241,-4
Dr.Different 113 Moisturizer For Oily & Combination Skin wit...,₹2249,-4
COSDERMA Glycolight Face Cream,₹565,NA
Klairs Supple Preparation Unscented Toner,₹1287,-746
LANEIGE Candy & Gummy Lip Duo,₹1500,-76828
Klairs Rich Moist Soothing Tencel Sheet Mask,₹180,-828
LANEIGE Cream Skin Cerapeptide Mist Pump Spray,₹340,-255
TONYMOLY Korean Egg Pore Blackhead Steam Balm with Charcoal ...,₹938,-184
"One Thing Centella Asiatica Extract, 95% Centella Korean Ton...",₹945,-996
"Celimax Pore + Dark Spot Care Sunscreen SPF 50+ PA++++,Corre...",₹2209,-10
Indulgeo Essentials Ginseng PDRN Enriched Bio Collagen Inten...,₹424,-38
Innisfree Vitamin C Green Tea Toner Pad - Brightens & Smooth...,₹1990,-4
The Face Shop Dr.Belmeur Salicylic Acid Clarifying Invisible...,₹250,-1001
"Round Lab 1025 Dokdo Peeling Gel, Gentle Exfoliating Gel for...",₹1274,-3
"Mixsoon Daily Mask Pack Friday, Brightens, Soothes & Revital...",₹187,NA
"Mixsoon Daily Mask Pack Sunday, Restores, Hydrates & Soothes...",₹187,NA
"Mixsoon Daily Mask Pack Thursday, Firms, Boosts Elasticity &...",₹187,NA
I'm From Mugwort Mask,₹378,-56
Nykaa Skin Secrets Indian Rituals Almond + Yogurt Sheet Mask...,₹75,-7299638
"Mixsoon Daily Mask Pack Saturday, Hydrates, Softens & Revita...",₹187,-1
"Mixsoon Daily Mask Pack Tuesday, Revitalizes, Brightens & En...",₹187,-2
"Mixsoon Daily Mask Pack Monday, Calms, Hydrates & Soothes Dr...",₹187,-3
TONYMOLY Korean Wonder Apricot Seed Deep Cleansing Oil to Re...,₹1600,-201
Mirabelle Oxygen Facial Sheet Mask For Even Skin Tone,₹119,-38
"DR. RASHEL Korean Jelly Glow Sheet Mask With Ceramide, Dewy ...",₹119,-2
LANEIGE Gummy Bear Lip Duo,₹2170,-59287
Mond'Sub Vitality Dew Glistening & Glowing Face Mask - Pack ...,₹360,-17
Mirabelle Oat Meal Facial Sheet Mask For Skin Nourishment,₹119,-46
ManCode Green Tea Facial Sheet Mask For Purifies & Hydrating...,₹44,-8
LANEIGE Water Bank Blue Hyaluronic Exfoliating Toner,₹2320,-144
ManCode Charcoal Facial Sheet Mask For Unclog Pores & Revita...,₹44,-10
Nykaa Skin Secrets Active Solutions Peptides + Goji Berry Sh...,₹80,-7299638
NARISTHA Ceramide Jelly Facial Sheet Mask - Ceramide & Vita ...,₹105,-2
NARISTHA Jelly Facial Sheet Mask - Hyaluronic Acid & Vita Co...,₹105,NA
ManCode Rose Facial Sheet Mask For Refreshing & Soothing The...,₹44,-4
It's Skin Collagen Nutrition Mask Sheet,₹108,-12
NARISTHA Jelly Facial Sheet Mask - AHA BHA PHA & Vita Cockta...,₹105,-1
Nykaa Skin Secrets Indian Rituals Tea Tree + Aloe Vera Sheet...,₹80,-7299638
Pilgrim 1% Hyaluronic Acid Sunscreen Gel SPF 50 PA+++,₹344,-438
ONE THING Niacinamide Glutathione Toner,₹405,-4
ETUDE SoonJung pH 6.5 Whip Cleanser,₹880,-227
SOME BY MI AHA-BHA-PHA 30 Days Miracle Starter Kit,₹1665,-153
It's Skin Collagen Nutrition Toner,₹990,-165
Torriden Solid In Lip Essence - Korean Plumping Lip Balm wit...,₹477,-41
TIRTIR Milk Skin Toner,₹350,-348
Numbuzin No.1 Clear Filter Sun Essence SPF 50+ PA ++++ Sooth...,₹1755,-29
Pilgrim Korean Aloe Cooling Fluid Sunscreen SPF 50+ PA++++ W...,₹431,-19
Innisfree Pore Care & Hydration Routine,₹850,-8651
"Mixsoon Bean Toner Pad, Hydrates, Brightens & Refreshes Skin...",₹2174,NA
"Mixsoon Bifida Toner, Strengthens Skin Barrier & Repairs Dam...",₹1124,-1
manyo Galactomy Essence Mist,₹1611,-2
Mirabelle Korea Red Rice Refresh Water Toner,₹997,-1
belif Frozen Vegan Serum-Moisturising Korean Skincare,₹869,NA
Mixsoon Korean Heartleaf Toner,₹1124,NA
belif Frozen Vegan Serum-Moisturising Korean Skincare,₹869,NA
Conscious Chemist Korean Snail Mucin CSM Skincare Regime For...,₹1232,-2114
Conscious Chemist Snail Magic Mucin Repair Low Ph Gel Cleans...,₹259,-304
I'm From Bestselling Masks Trial Kit,₹774,-108
AXIS-Y Quinoa One Step Balanced Gel Cleanser,₹1500,-10
"Mixsoon Centella Cleansing Foam, Gentle Face Wash for Rednes...",₹1424,NA
"Round Lab 1025 Dokdo Cleansing Gel, Mild Gel Cleanser for Da...",₹1529,-1
Quench 96% Snail Mucin Collagen Boost Serum,₹181,-1028
manyo Herbgreen Cleansing Oil,₹675,-19
FASHION COLOUR Estonia Korean Rice Water Face Wash,₹261,-1
Skin1004 Madagascar Centella Tone Brightening Tone-Up Sunscr...,₹2279,-7
"Round Lab 1025 Dokdo Sunscreen, SPF50+ PA++++ Broad Spectrum...",₹2039,NA
AMPLE:N 24K Gold Shot Ampoule,₹2610,NA
"Mixsoon Soondy Centella Asiatica Essence, Calms Redness, Hyd...",₹2624,NA
VT Cosmetics Hydrop Reedle Shot 100Hl Stick,₹1124,-1
"Celimax Oil Control Light Sunscreen SPF 50+ PA+++, Oil-Free,...",₹1614,-4
Missha Glow Cushion Light No.23 Sand SPF 37 PA+++,₹2490,NA
"Mixsoon Centella Sun Cream, Calms Redness, Protects & Soothe...",₹1799,-1
SOME BY MI Retinol Intense Trial Kit,₹1125,-34
Missha All Around Safe Block Essence Sun SPF45 PA+++_,₹783,-34
NutriGlow RiceWater And Ceramides Face Wash - Set of 2,₹318,-3
AXIS-Y Vegan Collagen Eye Serum,₹1750,-31
"Celimax Dual Barrier Watery Sun Cream SPF 50+ PA++++, Lightw...",₹1699,NA
By Wishtrend UV Defense Moist Cream,₹2007,-3
TONYMOLY Korean UV Master Sports Sun Patch-Cooling Hydrogel ...,₹350,NA
Suntique I'M GENTLE All In 1 Essence For Men,₹1097,-3
"belif Moisturizing Korean Lip Bomb - Lip Mask, Lip Balm for ...",₹1521,-11
COSRX The Peptide Collagen Hydrogel Eye Patch,₹1125,-6
Ricekraft Under Green Tea Eye Cream,₹405,-4
"Celimax Pore + Dark Spot Brightening Pad, Exfoliates, Reduce...",₹1869,-2
"Celimax Ji Woo Gae Heartleaf BHA Peeling Pad, Exfoliates, Ca...",₹1614,-7
"Celimax Ji Woo Gae Cica BHA Blemish Toner Pad, Exfoliates, C...",₹1699,-7
"Celimax Ji Woo Gae One Step Mild Cleansing Pad, Removes Make...",₹1529,-3
Zobha Illuminat Korean Glass Finish Face Mask With Blue Lotu...,₹489,-3
"Round Lab 1025 Dokdo Pad, Gentle Exfoliating Toner Pads for ...",₹1954,NA
"Mixsoon Cica-Hyal Hydrogel Eye Patch, Soothes, Hydrates & Ca...",₹1874,-2
"Mixsoon Bean Hydrogel Eye Patch, Hydrates, Brightens & Refre...",₹1874,-1
"Mixsoon Melting Collagen Eye Film, Hydrates, Firms & Reduces...",₹449,-7
"Mixsoon Collagen Hydrogel Eye Patch, Firms, Reduces Fine Lin...",₹1874,NA
Missha M Perfect Cover BB Cream SPF42/PA+++,₹1590,-440
Missha Magic Cushion Cover Lasting [No.23],₹890,-20
Missha Magic Cushion Cover Lasting [No.21],₹890,-24
Missha M Perfect Cover BB Cream SPF42/PA+++ [No.25],₹790,-53
Missha M Perfect Cover BB Cream SPF42/PA+++ [No.23],₹790,-105
LANEIGE Dreamy Lip Kit (3G Mini Lip Masks),₹1300,-14
NARISTHA Jelly Facial Sheet Mask - Glutathione & Vita Cockta...,₹105,-3
Glamveda Korean Glass Skin Rice & Ceramide 7 Step Skincare R...,₹979,-1
Glamveda Korean Glass Skin Rice & Ceramide 6 Step Skincare R...,₹881,-3
The Face Shop Rice Water Bright Double Cleanser Set,₹1499,NA
Miduty Dermal Sun Protect 50 Tinted Mineral Sunscreen SPF 50...,₹1799,-6
Innisfree No-Sebum Moisture Powder,₹570,-17
"Ariul The Perfect Cleansing Tissue Plus, Korean Wipes that R...",₹224,-3
La'dor Re-Boot Activating Shampoo - Cica & Tea Tree - Korean...,₹1419,-11
belif Beyond Total Recovery Intense Emulsion- Vegan Korean B...,₹3447,-1
Ktein Natural 100% Plant Based Treated Hair Maintenance Crea...,₹280,-8
Medicube Zero Pore One Day Serum,₹2900,NA
